cap-surface,cap-color,odor,stalk-surface-above-ring,spore-print-color
y,y,f,k,h
s,p,n,s,w
s,g,n,k,w
s,n,s,k,w
y,n,f,s,w
y,e,n,s,n
y,n,l,s,n
s,w,f,s,h
f,g,n,s,n
f,e,n,s,k
y,c,n,s,w
s,n,y,s,w
f,w,n,k,w
s,b,f,f,h
f,n,n,f,k
f,w,a,s,n
y,n,n,s,w
f,e,n,s,k
f,g,f,k,h
y,n,s,k,w
y,y,f,k,h
f,n,n,s,k
f,g,c,s,k
f,n,n,s,n
y,y,f,k,h
y,y,f,k,h
y,e,s,k,w
y,e,n,s,n
s,e,y,k,w
s,w,n,s,w
y,e,f,k,w
s,n,n,s,o
f,g,f,k,h
s,g,n,s,w
f,y,f,k,h
y,e,n,s,k
s,n,n,s,o
y,y,f,k,h
s,g,f,s,h
y,y,f,k,h
y,y,f,k,h
y,e,n,s,n
f,w,a,s,u
s,n,n,s,o
s,b,n,s,r
f,y,f,k,h
y,g,n,s,k
s,g,f,f,h
s,y,l,s,k
f,g,f,k,h
y,n,n,s,n
f,y,f,k,h
f,y,f,k,h
s,g,n,f,k
f,n,n,s,k
f,g,n,s,k
y,y,l,s,k
f,g,n,k,w
f,g,n,s,n
s,n,n,s,y
s,b,f,s,h
s,n,y,s,w
s,g,n,s,k
f,g,n,s,n
f,e,n,s,n
f,y,a,s,n
y,w,a,s,k
y,g,f,k,h
y,g,n,s,n
s,y,a,s,k
y,g,n,s,n
s,e,y,s,w
y,g,f,k,h
s,e,s,k,w
s,e,f,s,w
y,n,s,k,w
y,g,f,k,h
y,n,l,s,k
s,n,n,s,w
y,n,s,s,w
f,n,n,f,n
y,n,f,k,w
f,w,n,k,w
y,w,p,s,k
f,y,a,s,u
y,e,f,s,w
s,g,n,s,k
y,g,n,s,n
y,n,l,s,n
y,n,n,s,k
f,g,f,k,h
s,n,n,s,k
y,n,p,s,n
y,n,s,k,w
f,g,f,k,h
s,n,n,s,o
y,g,f,k,h
y,n,p,s,n
s,e,y,k,w
y,y,l,s,n
f,w,c,s,n
y,y,f,k,h
f,g,n,f,n
f,g,f,k,h
s,n,y,k,w
f,w,n,s,w
s,w,n,s,w
s,n,s,k,w
f,g,n,s,n
s,g,n,k,w
y,e,n,s,n
f,g,n,s,n
y,e,n,s,n
s,n,f,k,w
f,g,n,s,k
s,w,l,s,k
f,g,n,s,k
f,g,n,s,n
y,y,f,k,h
f,n,n,s,n
y,e,n,s,n
f,n,n,s,n
f,n,n,s,n
y,y,a,s,k
s,e,f,s,w
s,p,n,s,r
s,e,s,k,w
y,e,n,s,n
f,g,c,s,k
s,w,l,s,u
y,e,n,s,k
s,g,n,f,k
s,n,n,f,k
f,g,n,s,k
s,e,n,s,w
y,e,n,s,n
f,n,n,f,k
f,g,n,f,n
s,n,n,s,n
f,y,f,k,h
f,y,f,k,h
y,e,f,k,w
y,y,a,s,k
f,g,n,s,n
f,n,n,s,k
s,e,f,k,w
f,n,n,s,n
s,g,n,k,w
s,n,p,s,n
s,w,n,f,k
s,e,s,s,w
y,n,s,k,w
f,w,n,k,w
f,g,f,k,h
s,g,c,s,n
f,g,n,s,k
y,y,f,k,h
y,w,p,s,k
y,n,l,s,k
f,g,n,f,k
y,n,n,y,w
s,e,y,k,w
f,g,n,s,k
f,w,n,f,n
y,e,m,k,w
s,g,n,k,w
s,w,n,s,n
f,y,f,k,h
y,n,a,s,n
y,g,n,s,k
f,n,n,f,k
y,p,n,s,r
f,g,n,s,k
g,w,n,s,w
s,w,n,s,k
y,y,l,s,k
y,e,n,s,w
y,e,f,k,w
f,e,n,s,k
f,g,f,k,h
y,n,n,s,w
y,w,p,s,n
y,g,f,k,h
y,w,l,s,k
f,w,n,f,k
s,n,s,k,w
y,n,n,s,k
y,n,f,s,w
f,y,f,k,h
y,y,f,k,h
y,g,n,s,n
s,e,y,k,w
s,w,n,k,w
f,g,f,k,h
y,y,l,s,k
s,g,n,k,w
f,e,n,s,k
y,g,n,s,k
f,g,f,k,h
f,g,f,k,h
s,g,c,s,k
y,n,a,s,n
s,b,f,s,h
s,w,n,s,k
y,g,n,s,k
f,n,n,s,k
y,e,f,k,w
y,y,l,s,n
y,n,n,s,k
y,e,f,s,w
y,e,n,s,k
f,g,f,k,h
s,g,f,s,h
f,y,f,k,h
f,w,l,s,n
s,w,p,s,n
y,n,y,k,w
s,g,n,s,n
y,n,y,s,w
f,n,n,s,n
y,g,f,k,h
s,n,y,k,w
y,y,l,s,n
y,e,m,k,w
f,g,n,s,n
f,g,f,k,h
s,y,a,s,k
y,w,l,s,k
y,n,n,s,n
f,p,c,s,n
s,b,f,f,h
s,g,f,s,h
y,e,n,s,n
s,n,n,f,n
s,e,f,s,w
f,n,n,s,k
y,y,l,s,k
f,w,n,s,w
f,g,n,s,k
s,n,n,f,k
y,w,a,s,k
y,e,n,s,k
y,n,s,k,w
f,w,n,s,k
y,g,f,k,h
y,e,f,s,w
y,y,f,k,h
s,w,a,s,n
y,y,f,k,h
y,e,f,k,w
y,b,n,s,w
s,g,n,f,n
y,b,n,s,w
y,e,n,s,n
s,g,f,s,h
s,e,f,s,w
f,g,n,s,n
y,p,n,s,w
f,e,n,s,k
y,w,p,s,k
s,w,n,f,n
y,w,p,s,k
y,n,m,k,w
y,e,y,k,w
s,n,s,s,w
f,g,f,k,h
y,e,n,s,k
y,g,n,s,k
s,p,c,s,n
s,n,f,s,w
y,n,p,s,k
y,e,y,s,w
s,n,p,s,n
s,n,n,s,k
y,w,l,s,n
y,n,n,s,n
s,n,n,s,w
s,p,c,s,n
y,g,f,k,h
y,n,n,s,k
s,w,l,s,u
f,g,f,k,h
f,c,n,f,w
s,w,n,f,n
y,y,a,s,k
f,g,f,k,h
f,g,n,s,w
s,g,n,k,w
s,n,y,s,w
f,e,n,s,n
f,e,n,s,n
s,n,y,k,w
f,y,f,k,h
f,g,f,k,h
y,e,n,s,k
s,n,n,s,y
y,e,s,k,w
s,e,s,s,w
y,n,n,s,k
s,g,n,k,w
y,e,y,s,w
f,e,n,s,n
y,n,y,k,w
y,n,n,s,w
y,g,n,s,n
s,w,n,s,n
y,g,f,k,h
y,g,n,s,n
f,g,n,s,n
s,g,n,s,n
f,g,n,s,k
s,b,n,s,w
y,g,n,s,n
y,e,n,s,k
y,y,f,k,h
s,w,c,s,k
y,e,n,s,n
s,w,f,f,h
y,e,y,k,w
y,y,f,k,h
f,n,n,s,k
f,w,c,s,n
s,g,n,f,k
y,n,a,s,k
y,e,y,s,w
y,y,f,k,h
f,w,n,k,w
f,w,n,f,n
y,e,f,k,w
y,n,n,s,n
f,n,n,s,n
s,g,c,s,n
y,n,n,s,n
f,g,n,s,k
s,e,y,s,w
s,g,n,k,w
s,n,n,s,b
f,w,n,f,k
y,w,a,s,k
y,n,y,s,w
y,n,n,s,w
f,y,f,k,h
f,y,f,k,h
f,g,c,s,n
f,g,n,s,k
s,w,f,s,h
f,g,f,k,h
s,n,n,s,b
s,e,y,k,w
s,e,y,k,w
y,y,a,s,n
y,g,f,k,h
y,n,f,s,w
y,g,n,s,k
f,g,f,k,h
y,g,n,s,n
s,e,f,k,w
s,g,n,f,n
s,n,f,s,w
f,y,l,s,u
f,n,n,k,w
y,w,p,s,k
s,g,n,s,w
y,n,y,k,w
f,g,n,s,n
f,g,f,k,h
y,r,n,s,h
s,e,y,s,w
y,n,n,s,n
s,n,p,s,k
y,n,n,s,k
y,y,f,k,h
f,n,n,s,k
f,y,f,k,h
s,w,n,s,w
y,y,f,k,h
s,n,n,s,b
s,n,f,s,w
y,y,a,s,n
s,g,f,f,h
y,y,f,k,h
s,y,a,s,n
s,y,a,s,u
y,n,n,s,k
f,g,n,s,k
f,g,n,s,n
f,e,n,s,n
s,g,n,s,k
y,n,n,s,k
y,n,m,k,w
f,g,f,k,h
y,w,l,s,n
y,g,n,s,n
s,n,n,s,k
f,g,f,k,h
y,e,n,s,n
y,n,y,s,w
y,y,f,k,h
y,e,y,s,w
s,g,n,s,w
s,n,s,s,w
y,g,n,s,k
f,n,n,s,k
f,g,f,k,h
f,n,n,s,n
s,n,n,s,y
f,n,n,s,k
y,n,p,s,n
y,y,l,s,n
s,e,n,s,w
f,g,f,k,h
y,g,n,s,n
s,n,f,k,w
y,u,n,s,h
s,e,y,s,w
s,w,n,s,n
s,g,n,f,k
f,y,f,k,h
s,w,c,s,k
s,n,n,f,k
y,e,n,s,n
s,b,n,s,w
y,e,y,k,w
s,n,n,s,w
f,g,n,s,n
y,g,n,s,k
f,g,n,s,n
y,e,y,s,w
f,g,n,s,n
f,g,f,k,h
f,w,n,f,n
s,n,p,s,k
y,e,f,k,w
s,e,y,k,w
f,g,n,s,k
y,g,n,s,n
y,e,f,s,w
y,e,n,s,k
y,n,f,s,w
f,g,n,k,w
y,y,f,k,h
y,y,l,s,k
y,y,l,s,k
y,e,n,s,k
s,g,c,s,n
y,n,s,k,w
f,g,c,s,n
s,n,f,k,w
s,b,f,s,h
s,e,s,k,w
y,g,n,s,n
y,y,f,k,h
y,g,f,k,h
s,y,l,s,n
f,g,f,k,h
y,y,f,k,h
y,e,f,s,w
y,n,s,k,w
y,e,n,s,k
y,g,f,k,h
f,n,n,s,n
s,n,n,s,y
s,y,l,s,k
f,g,n,s,k
y,y,a,s,n
y,n,p,s,k
f,w,n,f,n
s,n,f,s,w
y,c,m,k,w
y,y,f,k,h
y,g,f,k,h
y,g,f,k,h
y,n,f,s,w
f,g,n,f,k
f,p,c,s,k
f,g,n,s,n
s,b,n,s,w
f,y,f,k,h
y,n,n,s,n
y,n,n,s,n
f,g,f,k,h
s,n,y,s,w
y,y,l,s,k
s,n,p,s,k
f,w,n,k,w
y,y,a,s,n
f,g,n,s,n
s,y,a,s,n
f,n,n,s,w
s,n,n,f,n
f,g,f,k,h
f,e,n,s,n
y,n,p,s,n
s,w,f,f,h
s,w,f,f,h
s,n,f,s,w
s,w,f,f,h
f,w,n,f,k
s,w,n,s,w
y,w,p,s,n
y,n,n,s,n
y,g,n,s,k
s,w,f,s,h
f,w,n,k,w
s,b,n,s,w
y,c,n,f,w
f,e,n,s,n
f,g,n,s,n
s,w,l,s,k
s,n,y,k,w
y,w,a,s,n
s,n,s,k,w
s,w,l,s,n
y,n,f,k,w
y,g,n,s,k
s,n,n,s,n
f,n,n,s,k
f,n,n,s,n
f,g,n,f,k
s,g,f,f,h
y,g,n,s,n
s,g,c,s,n
y,w,l,s,n
y,g,n,s,k
s,y,l,s,n
s,n,n,s,n
s,n,n,y,w
y,g,f,k,h
s,n,s,s,w
f,g,f,k,h
y,g,f,k,h
f,y,f,k,h
y,e,y,k,w
f,g,n,s,n
y,n,p,s,k
y,e,s,k,w
y,g,n,s,n
y,n,n,k,w
y,c,m,k,w
s,e,f,s,w
f,n,n,s,n
f,n,n,s,n
y,e,s,s,w
f,w,n,s,w
s,g,n,f,k
f,g,f,k,h
f,w,n,f,n
s,n,f,k,w
f,n,n,s,n
s,w,n,s,w
s,n,n,f,n
y,y,a,s,n
y,y,l,s,n
y,e,f,s,w
y,n,p,s,n
f,g,f,k,h
f,g,f,k,h
s,b,n,s,w
s,n,y,k,w
y,n,n,s,k
f,y,f,k,h
y,y,f,k,h
s,e,f,k,w
s,e,f,s,w
s,n,n,s,b
f,g,n,s,n
f,e,n,s,k
y,n,f,k,w
s,g,c,s,k
s,w,n,s,k
s,e,n,s,w
y,c,n,f,w
s,g,c,s,n
f,n,n,s,k
s,n,f,s,w
y,n,n,y,w
y,g,n,s,n
y,g,f,k,h
s,g,f,s,h
f,e,n,s,k
y,e,y,s,w
f,y,f,k,h
s,g,n,f,n
y,n,a,s,k
f,g,n,s,n
s,n,y,s,w
y,g,n,s,k
f,n,n,s,k
f,g,n,s,k
s,e,f,k,w
f,g,n,s,n
y,y,a,s,n
f,y,f,k,h
f,n,n,s,k
s,e,f,k,w
s,n,y,k,w
y,n,y,s,w
s,n,n,s,n
s,g,n,s,n
y,e,n,s,k
y,n,f,s,w
f,e,n,s,k
y,e,n,s,n
s,b,f,s,h
f,e,n,s,k
f,g,n,s,n
f,g,f,k,h
s,y,a,s,k
f,g,n,s,n
s,e,y,s,w
f,g,n,k,w
s,w,l,s,n
y,e,y,k,w
s,w,p,s,n
f,g,n,s,k
y,g,n,s,k
y,g,n,s,k
s,n,f,s,w
s,e,s,k,w
f,n,n,s,k
y,y,l,s,n
y,n,f,k,w
s,y,l,s,k
f,n,n,s,k
f,e,n,s,k
y,w,a,s,k
y,y,f,k,h
y,g,f,k,h
y,g,n,s,n
f,g,n,s,k
f,g,n,s,n
f,e,n,s,k
y,g,n,s,n
y,e,s,s,w
s,e,s,k,w
s,w,n,k,w
s,g,f,f,h
y,n,l,s,k
y,n,p,s,k
y,n,n,s,n
y,y,a,s,n
s,y,a,s,u
s,n,p,s,k
y,y,a,s,n
y,g,f,k,h
y,g,f,k,h
s,g,n,s,n
s,g,n,s,w
y,n,n,s,w
y,b,n,s,w
y,n,s,k,w
s,w,p,s,n
s,y,l,s,n
s,w,n,k,w
s,n,f,k,w
y,g,f,k,h
y,y,f,k,h
y,n,l,s,k
f,g,n,s,k
y,e,s,s,w
s,n,n,y,w
y,e,s,k,w
y,e,y,s,w
s,e,y,k,w
f,g,n,s,n
y,n,s,k,w
y,y,f,k,h
f,w,n,s,w
s,n,n,s,n
f,g,n,s,w
f,g,f,k,h
s,g,n,k,w
y,e,s,s,w
f,g,f,k,h
s,g,n,f,k
y,e,n,s,w
f,e,n,s,k
f,g,f,k,h
y,e,n,s,k
y,e,f,s,w
f,g,n,s,k
y,g,f,k,h
f,n,n,s,k
y,c,n,s,w
y,y,f,k,h
f,g,n,s,n
y,w,l,s,k
y,g,f,k,h
s,g,n,f,k
y,p,n,s,r
s,g,n,f,k
y,n,s,k,w
y,n,n,s,n
s,n,f,s,w
s,y,l,s,n
s,w,a,s,n
f,c,n,s,w
f,y,f,k,h
f,y,f,k,h
f,e,n,s,k
s,y,l,s,n
y,e,s,k,w
f,e,n,s,k
f,y,f,k,h
s,n,n,s,y
f,y,f,k,h
s,y,a,s,u
y,n,s,k,w
f,y,f,k,h
s,n,s,s,w
s,w,n,f,k
s,y,l,s,u
s,n,s,s,w
s,g,f,s,h
s,n,y,s,w
f,g,n,s,k
f,e,n,s,k
y,n,y,k,w
s,n,y,s,w
s,g,n,s,n
f,g,n,s,n
y,g,n,s,k
y,e,y,k,w
s,w,f,f,h
s,e,y,k,w
s,n,n,s,n
s,w,l,s,n
s,e,f,k,w
s,g,n,s,k
f,n,n,s,k
s,y,l,s,n
f,g,n,s,k
s,g,f,f,h
y,y,f,k,h
s,g,n,s,n
s,n,s,k,w
f,w,n,f,n
s,w,n,s,n
y,n,s,s,w
f,g,f,k,h
y,e,n,s,k
s,y,a,s,n
y,e,n,s,k
f,e,n,s,n
s,g,n,k,w
f,g,n,s,n
f,n,n,s,n
f,y,f,k,h
y,n,a,s,k
y,e,n,s,k
s,w,f,f,h
y,n,s,k,w
y,y,f,k,h
y,e,y,s,w
s,w,l,s,n
y,e,y,s,w
y,y,a,s,k
s,y,a,s,n
y,g,n,s,k
f,g,n,s,n
f,n,n,s,k
y,e,n,s,k
y,u,n,s,h
s,b,f,s,h
f,g,n,f,n
y,n,n,s,k
y,n,n,s,k
s,e,y,k,w
s,w,n,f,n
y,g,f,k,h
y,y,l,s,n
y,n,y,k,w
f,g,n,f,n
y,y,l,s,n
s,g,n,s,k
f,y,n,k,w
s,g,f,s,h
s,n,y,k,w
y,b,n,s,w
y,w,a,s,k
f,w,c,s,n
s,n,f,k,w
y,g,f,k,h
y,y,a,s,n
f,g,f,k,h
y,y,f,k,h
y,e,s,k,w
f,e,n,s,k
f,g,n,s,k
f,n,n,s,n
f,y,f,k,h
s,n,n,s,b
s,n,f,s,w
s,n,n,s,b
s,e,f,k,w
y,y,a,s,n
s,w,n,f,k
s,w,a,s,n
f,e,n,s,n
y,e,n,s,k
y,y,l,s,n
y,e,m,k,w
f,g,n,s,n
s,b,n,s,w
y,b,n,s,r
y,n,y,s,w
s,n,f,k,w
y,y,a,s,k
y,g,n,s,k
f,y,f,k,h
f,n,n,s,k
y,w,a,s,k
s,n,p,s,n
s,g,n,f,n
s,n,n,s,y
s,n,f,s,w
f,g,f,k,h
f,n,n,s,k
s,n,n,s,n
s,g,n,k,w
s,n,n,s,n
y,n,s,s,w
f,y,f,k,h
s,w,a,s,n
f,n,n,s,n
y,e,s,s,w
f,y,f,k,h
s,w,n,s,r
y,e,n,s,n
s,w,n,f,k
y,y,f,k,h
f,y,f,k,h
f,w,n,k,w
y,g,f,k,h
y,w,l,s,n
s,b,f,s,h
s,w,n,f,n
y,n,n,k,w
y,n,n,s,n
s,e,y,s,w
y,g,f,k,h
s,g,n,s,n
f,y,f,k,h
f,y,l,s,n
y,w,p,s,n
y,p,n,s,w
s,w,f,f,h
f,n,n,s,k
y,n,a,s,n
y,e,f,k,w
f,n,n,s,k
f,n,n,k,w
f,e,n,s,n
y,n,y,s,w
y,e,s,s,w
s,e,s,s,w
f,g,n,f,k
y,n,l,s,n
s,w,c,s,k
f,e,n,s,k
f,g,f,k,h
s,w,a,s,k
f,g,n,s,k
f,e,n,s,n
s,w,n,s,w
s,b,n,s,w
f,e,n,s,k
f,g,f,k,h
y,e,n,s,k
y,w,p,s,n
y,y,f,k,h
y,n,p,s,k
f,p,c,s,k
y,w,p,s,k
s,b,f,f,h
f,g,f,k,h
y,g,n,s,k
s,w,n,k,w
s,g,f,s,h
f,g,f,k,h
f,y,a,s,u
s,n,n,s,n
y,n,y,s,w
f,n,n,s,n
s,e,s,s,w
y,e,n,s,n
f,p,c,s,n
f,n,n,s,k
s,g,n,k,w
y,g,f,k,h
f,g,n,s,w
s,n,s,s,w
f,n,n,s,k
f,n,n,f,n
s,w,l,s,n
s,n,y,k,w
y,e,s,k,w
y,y,f,k,h
s,g,f,s,h
s,y,a,s,k
s,g,n,f,k
f,g,n,f,n
y,e,y,k,w
s,w,f,f,h
y,n,f,s,w
s,c,n,s,w
y,y,f,k,h
y,g,n,s,n
y,w,a,s,n
f,g,n,f,k
y,w,n,s,h
y,w,p,s,n
y,n,f,k,w
g,w,n,s,w
f,n,n,s,k
y,e,n,s,n
y,g,f,k,h
y,n,y,k,w
f,y,f,k,h
y,g,n,s,k
y,n,s,s,w
y,n,n,s,k
y,y,f,k,h
f,w,n,s,w
f,w,n,f,n
y,y,a,s,k
y,n,f,s,w
y,n,f,s,w
s,p,n,s,w
f,n,n,s,n
y,e,n,s,k
s,w,n,f,k
s,e,s,s,w
y,y,a,s,n
y,g,n,s,k
f,n,n,s,n
f,g,n,s,k
f,g,f,k,h
y,n,f,k,w
y,y,f,k,h
f,g,n,s,w
s,w,p,s,n
y,g,f,k,h
y,b,n,s,r
y,g,n,s,k
f,n,n,s,n
s,w,p,s,n
f,y,f,k,h
f,e,n,s,n
y,w,a,s,k
y,e,m,k,w
y,y,f,k,h
y,w,n,s,r
f,y,f,k,h
f,w,n,k,w
y,n,y,k,w
f,g,f,k,h
y,y,l,s,n
s,w,f,f,h
y,y,a,s,k
y,g,f,k,h
y,w,a,s,n
y,n,p,s,n
f,n,n,s,k
y,y,f,k,h
f,g,f,k,h
y,e,n,s,k
y,g,f,k,h
s,n,n,f,n
f,w,n,s,w
y,w,a,s,k
f,g,f,k,h
y,w,a,s,k
f,y,f,k,h
s,e,s,s,w
s,n,n,f,n
y,n,n,s,k
y,g,n,s,k
y,n,a,s,n
f,g,n,s,k
y,g,f,k,h
f,y,f,k,h
y,e,n,s,n
s,g,n,f,k
s,b,f,f,h
f,g,f,k,h
y,y,f,k,h
f,n,n,s,k
s,w,f,s,h
y,w,l,s,n
y,n,y,k,w
f,n,n,s,n
f,n,n,s,k
s,e,f,s,w
f,g,n,s,n
y,n,n,s,w
s,n,s,k,w
s,g,f,s,h
s,e,n,s,w
y,u,n,s,h
f,n,n,s,k
y,y,l,s,n
y,y,a,s,n
f,g,n,s,k
y,e,f,s,w
f,w,n,f,n
y,g,f,k,h
f,n,n,s,n
s,g,n,k,w
f,g,f,k,h
f,g,f,k,h
y,e,n,s,k
f,p,c,s,n
y,n,y,s,w
s,n,n,s,w
y,w,l,s,k
f,y,f,k,h
f,n,n,s,k
y,y,f,k,h
y,g,n,s,n
y,y,f,k,h
f,w,n,s,k
s,e,f,s,w
f,g,n,s,n
y,n,s,k,w
y,w,n,s,r
s,n,s,k,w
f,g,n,s,n
s,n,n,s,o
y,y,l,s,n
s,n,n,s,n
s,n,s,k,w
f,g,f,k,h
y,n,p,s,k
s,n,s,s,w
y,n,n,s,n
f,n,n,f,k
f,n,n,f,k
y,e,s,k,w
f,n,n,s,k
y,e,n,s,k
f,n,n,s,n
f,g,n,s,n
s,n,p,s,k
y,n,n,s,n
s,e,f,s,w
y,y,f,k,h
s,g,f,s,h
f,g,f,k,h
y,g,n,s,k
s,n,s,k,w
y,w,a,s,k
y,y,l,s,k
y,g,n,s,n
y,e,y,s,w
s,w,n,s,w
s,e,y,s,w
f,n,n,f,n
s,w,p,s,k
y,n,s,s,w
y,e,f,s,w
y,y,a,s,k
f,g,n,f,k
y,e,f,s,w
s,n,n,s,y
y,e,y,s,w
s,n,s,s,w
f,w,n,s,n
y,w,p,s,k
s,n,s,s,w
y,n,p,s,n
y,g,f,k,h
y,g,f,k,h
y,n,y,k,w
s,n,y,s,w
s,n,f,s,w
s,e,s,k,w
f,c,n,f,w
s,n,n,y,w
f,g,f,k,h
s,n,n,s,n
s,n,n,s,n
s,g,f,f,h
y,g,f,k,h
s,e,s,k,w
y,w,l,s,n
y,n,n,f,w
f,n,n,s,n
y,e,f,k,w
s,p,n,s,w
s,b,n,s,w
s,e,y,s,w
y,e,y,s,w
y,n,n,k,w
s,e,y,k,w
f,e,n,s,k
y,g,f,k,h
f,e,n,s,n
s,n,y,k,w
f,w,n,s,w
s,n,f,k,w
s,w,c,s,k
y,y,n,y,w
y,g,n,s,n
f,y,f,k,h
s,n,n,y,w
y,g,n,s,n
s,g,n,s,w
f,n,n,s,k
y,y,f,k,h
s,n,f,s,w
y,e,y,k,w
y,e,y,s,w
f,e,n,s,k
y,g,f,k,h
y,g,n,s,n
y,e,y,k,w
y,y,f,k,h
y,w,a,s,n
f,n,n,s,n
y,n,y,k,w
f,y,f,k,h
f,p,c,s,k
f,e,n,s,n
y,r,n,s,h
s,g,f,f,h
y,n,y,k,w
y,e,n,s,k
y,e,y,k,w
s,b,f,f,h
s,n,n,s,o
f,g,f,k,h
y,g,f,k,h
f,g,n,s,n
s,w,f,f,h
y,n,a,s,n
f,e,n,s,n
f,e,n,s,k
y,e,f,s,w
y,g,n,s,n
s,n,y,s,w
s,e,s,k,w
s,g,n,s,w
f,n,n,f,k
s,e,y,k,w
y,e,n,s,k
s,g,n,f,n
f,y,f,k,h
s,g,n,f,k
s,g,c,s,n
f,e,n,s,k
y,y,f,k,h
y,n,y,k,w
s,w,n,f,n
y,e,y,k,w
y,g,f,k,h
s,y,l,s,k
y,n,s,k,w
y,e,y,s,w
f,n,n,f,w
y,y,l,s,n
y,e,y,k,w
y,n,l,s,k
f,g,n,f,k
f,y,f,k,h
y,y,f,k,h
s,w,c,s,n
s,n,p,s,k
y,e,y,k,w
y,g,n,s,n
f,y,f,k,h
s,b,f,f,h
y,e,n,s,k
f,y,f,k,h
f,g,n,s,k
s,y,a,s,k
s,g,n,f,k
s,n,n,s,b
s,g,c,s,k
y,e,f,s,w
y,e,y,k,w
s,n,f,s,w
f,g,f,k,h
s,g,n,s,k
s,n,s,k,w
y,e,n,s,n
f,w,n,k,w
f,g,n,s,n
y,g,f,k,h
y,g,n,s,n
f,y,f,k,h
s,n,p,s,k
y,n,n,s,n
y,g,n,s,n
y,n,n,s,n
f,g,n,s,n
y,y,f,k,h
s,e,s,s,w
f,n,n,f,n
f,g,n,s,n
f,g,n,s,k
f,n,n,s,n
f,n,n,s,k
f,y,f,k,h
y,w,l,s,n
s,w,n,s,w
s,e,f,k,w
y,y,f,k,h
y,e,n,s,k
y,n,f,s,w
s,e,s,s,w
s,e,s,k,w
f,y,f,k,h
y,n,y,k,w
s,e,s,k,w
y,e,f,k,w
y,n,s,s,w
y,g,n,s,k
s,w,a,s,n
f,g,n,s,n
y,e,s,s,w
f,y,f,k,h
f,e,n,s,n
s,y,a,s,k
s,e,y,s,w
s,n,s,k,w
s,w,n,s,k
y,y,f,k,h
y,g,n,s,n
s,w,n,k,w
y,e,s,s,w
f,e,n,s,n
f,w,n,k,w
y,y,a,s,k
s,n,n,s,w
s,w,c,s,n
f,n,n,s,n
s,e,f,s,w
y,y,f,k,h
s,n,n,f,k
y,b,n,s,w
y,g,f,k,h
y,n,n,s,n
y,g,f,k,h
f,g,f,k,h
y,g,n,s,k
y,g,n,s,k
y,n,n,s,n
f,g,f,k,h
f,e,n,s,n
s,b,f,s,h
s,n,f,s,w
y,w,n,s,w
s,g,f,f,h
f,y,f,k,h
y,e,y,k,w
s,w,n,s,n
y,n,f,s,w
s,n,f,k,w
y,n,n,s,n
y,w,n,s,h
s,n,n,s,y
s,g,n,k,w
f,n,n,s,k
s,n,f,s,w
y,n,s,s,w
s,w,a,s,n
f,g,f,k,h
y,n,n,s,k
s,n,f,s,w
s,w,n,k,w
y,y,a,s,k
y,n,f,k,w
y,g,n,s,n
y,g,n,s,n
y,e,n,s,n
s,e,y,s,w
s,n,s,s,w
s,w,n,k,w
y,y,f,k,h
s,y,l,s,k
f,g,n,s,w
y,n,n,s,k
y,g,f,k,h
s,e,f,s,w
y,w,n,s,w
s,w,n,s,r
s,g,n,s,w
s,g,n,f,k
f,g,n,s,k
y,n,s,s,w
f,e,n,s,n
f,g,n,s,k
y,e,s,k,w
s,e,f,s,w
y,n,f,s,w
f,g,f,k,h
s,n,y,k,w
y,p,n,s,w
s,p,c,s,k
y,c,n,s,w
y,g,n,s,n
f,n,n,s,k
f,g,n,s,w
s,e,f,s,w
y,e,n,s,n
f,g,f,k,h
y,g,f,k,h
f,e,n,s,n
y,w,l,s,k
s,n,n,s,b
s,n,p,s,k
s,n,f,k,w
y,e,s,k,w
y,n,a,s,n
f,e,n,s,n
s,g,f,s,h
f,g,n,k,w
y,y,f,k,h
y,n,a,s,k
f,g,n,s,n
f,w,c,s,n
s,w,n,k,w
y,e,y,k,w
s,n,f,s,w
f,g,c,s,n
y,e,n,s,k
s,g,n,s,w
y,g,n,s,n
y,y,l,s,k
y,n,n,s,n
y,y,l,s,n
y,r,n,s,h
s,w,p,s,n
f,n,n,s,k
y,b,n,s,w
s,g,n,s,n
s,n,s,s,w
y,y,a,s,n
s,p,n,s,r
y,e,s,s,w
y,y,f,k,h
f,n,n,s,n
f,n,n,f,n
y,n,n,s,k
s,n,n,s,n
y,w,a,s,k
y,y,a,s,n
s,e,f,s,w
s,e,f,s,w
y,y,l,s,n
y,w,p,s,k
s,y,a,s,n
f,g,n,f,n
f,n,n,s,n
f,n,n,s,k
s,w,f,s,h
s,b,f,f,h
s,e,s,k,w
y,g,n,s,k
f,y,f,k,h
f,n,n,s,n
f,n,n,s,n
y,n,n,s,n
f,g,f,k,h
f,e,n,s,n
y,e,n,s,k
y,n,n,s,n
y,g,n,s,k
y,y,f,k,h
f,y,f,k,h
f,g,n,s,n
y,e,n,s,k
f,y,f,k,h
s,g,f,s,h
y,e,n,s,k
y,n,n,s,w
y,c,n,f,w
f,e,n,s,n
s,n,s,k,w
f,g,n,s,k
y,e,n,s,k
s,e,y,k,w
s,w,f,s,h
f,g,f,k,h
s,y,a,s,k
f,y,f,k,h
y,y,f,k,h
f,g,f,k,h
f,n,n,s,k
y,g,n,s,k
f,g,f,k,h
y,n,f,s,w
f,g,f,k,h
f,y,f,k,h
s,w,p,s,k
y,e,n,s,k
f,g,f,k,h
y,e,s,s,w
y,y,a,s,n
y,g,f,k,h
f,n,n,s,k
s,g,f,f,h
f,g,n,s,n
y,g,n,s,k
f,w,n,s,w
s,w,n,s,w
s,g,f,f,h
f,g,f,k,h
y,g,n,s,k
y,g,n,s,k
f,y,f,k,h
s,w,a,s,n
s,w,p,s,n
s,w,n,f,k
s,e,y,k,w
f,g,n,s,k
s,e,s,k,w
s,w,f,f,h
y,n,f,s,w
f,g,n,s,n
f,g,n,s,w
s,b,n,s,w
y,n,n,s,n
y,e,n,s,n
s,y,l,s,k
y,g,f,k,h
f,n,n,s,k
y,n,f,s,w
y,y,f,k,h
f,g,f,k,h
y,n,n,f,w
f,e,n,s,k
s,w,a,s,n
s,w,l,s,k
y,e,s,k,w
f,g,f,k,h
y,b,n,s,w
f,y,f,k,h
f,w,n,k,w
y,y,f,k,h
y,e,n,s,n
y,e,f,s,w
y,b,n,s,r
y,n,y,s,w
s,n,s,k,w
f,g,n,s,w
s,e,s,k,w
f,g,f,k,h
y,n,n,s,k
y,e,s,k,w
s,n,n,s,n
s,w,n,s,w
y,n,n,s,k
f,y,f,k,h
f,n,n,s,n
s,b,f,s,h
f,w,n,s,k
y,g,f,k,h
s,w,l,s,k
f,w,n,s,k
y,w,p,s,k
s,n,n,f,k
f,g,f,k,h
f,g,n,s,k
f,g,n,s,k
s,w,f,s,h
f,g,f,k,h
s,w,n,f,k
s,n,s,k,w
f,n,n,s,w
f,g,n,s,k
f,e,n,s,k
s,e,f,k,w
s,g,f,f,h
f,y,f,k,h
y,y,f,k,h
f,y,f,k,h
y,g,f,k,h
y,g,f,k,h
y,n,n,s,n
y,y,l,s,k
y,n,n,s,k
f,n,n,s,n
s,n,n,s,b
y,g,n,s,k
f,y,f,k,h
f,g,f,k,h
y,y,a,s,n
y,g,n,s,k
y,e,n,s,n
s,n,y,k,w
y,e,f,s,w
y,e,y,s,w
y,c,n,s,w
f,y,f,k,h
y,g,n,s,n
y,g,f,k,h
s,n,n,s,o
s,e,s,k,w
y,w,p,s,n
y,g,n,s,k
y,n,n,s,n
y,e,f,s,w
f,g,f,k,h
y,e,s,s,w
y,g,n,s,k
s,w,a,s,n
s,w,n,k,w
s,w,l,s,k
y,n,s,k,w
y,n,a,s,n
f,g,n,s,w
y,g,n,s,k
y,n,n,s,k
y,c,m,k,w
f,w,n,s,n
y,g,f,k,h
s,e,y,k,w
f,g,n,s,k
f,e,n,s,n
f,y,f,k,h
s,n,n,s,n
y,n,n,s,n
f,g,f,k,h
y,n,p,s,n
f,y,f,k,h
y,e,f,s,w
y,g,n,s,k
s,e,f,s,w
f,w,a,s,u
s,g,n,k,w
f,n,n,s,n
s,e,s,s,w
y,e,s,s,w
f,n,n,s,k
y,e,y,k,w
y,e,n,s,k
y,g,n,s,k
f,w,n,f,k
y,g,n,s,n
y,y,f,k,h
f,w,c,s,n
f,e,n,s,n
y,w,p,s,n
f,n,n,s,n
y,n,s,s,w
y,n,a,s,n
y,g,n,s,n
y,w,p,s,n
s,n,n,s,o
y,g,n,s,k
s,y,a,s,n
s,e,f,s,w
f,n,n,s,n
s,n,f,s,w
s,n,n,s,n
y,w,p,s,k
y,g,f,k,h
y,y,f,k,h
f,w,n,s,n
y,e,n,s,k
y,n,l,s,n
f,n,n,s,k
s,e,s,k,w
f,g,f,k,h
y,n,y,k,w
y,e,n,s,n
y,n,n,s,k
s,w,n,s,n
s,w,l,s,n
y,n,f,k,w
f,y,f,k,h
s,w,f,f,h
f,g,n,s,k
y,n,p,s,k
s,g,f,s,h
f,w,n,k,w
s,e,y,k,w
y,e,f,s,w
f,g,f,k,h
y,y,l,s,k
s,n,f,k,w
f,g,n,k,w
s,w,f,s,h
y,n,n,s,k
y,n,s,s,w
y,g,f,k,h
f,e,n,s,n
f,n,n,s,k
s,y,a,s,n
s,e,y,s,w
f,g,n,s,n
f,n,n,f,k
f,n,n,f,n
y,y,f,k,h
s,g,n,s,n
y,n,s,s,w
f,w,c,s,n
f,e,n,s,n
y,e,n,s,k
y,n,f,k,w
s,n,s,s,w
s,n,n,s,b
f,e,n,s,n
y,n,n,s,k
s,e,n,s,w
f,g,f,k,h
y,y,a,s,n
y,n,n,s,w
s,n,f,s,w
s,n,f,k,w
s,g,n,s,w
s,n,n,s,k
s,w,p,s,n
s,g,n,f,n
y,n,f,s,w
y,e,f,s,w
y,e,n,s,k
y,g,n,s,k
s,p,n,s,w
s,g,n,s,n
s,e,f,k,w
y,n,n,s,w
f,e,n,s,k
f,w,n,s,k
s,e,s,k,w
f,g,n,s,k
s,b,f,s,h
f,y,a,s,u
s,g,n,s,k
s,n,n,s,b
s,w,f,f,h
s,b,f,f,h
f,y,f,k,h
s,w,l,s,n
f,w,l,s,u
y,g,n,s,k
f,y,f,k,h
s,e,f,k,w
f,n,n,s,k
y,g,n,s,n
s,p,n,s,w
y,y,f,k,h
y,y,f,k,h
s,e,y,s,w
s,n,n,s,n
s,n,n,s,n
y,y,f,k,h
y,n,n,s,k
f,g,f,k,h
y,u,n,s,h
f,n,n,s,k
s,n,n,s,y
f,y,n,k,w
f,g,f,k,h
f,n,n,s,n
s,y,a,s,n
y,y,f,k,h
y,e,s,s,w
s,n,y,s,w
y,g,f,k,h
f,g,n,s,k
y,y,a,s,k
s,n,p,s,k
s,n,p,s,n
y,g,n,s,w
s,n,n,s,b
s,b,f,f,h
s,w,n,s,w
y,g,n,s,k
y,n,n,s,k
y,n,a,s,n
y,e,s,k,w
f,g,n,s,n
y,n,a,s,n
s,n,n,s,w
y,e,y,k,w
f,g,n,s,k
f,y,f,k,h
y,e,n,s,k
f,g,n,f,n
f,n,n,s,n
s,g,c,s,k
s,g,n,f,n
y,g,f,k,h
s,g,n,f,n
y,g,f,k,h
s,w,f,s,h
y,e,f,s,w
f,w,n,f,k
y,n,s,k,w
s,g,n,s,w
y,e,f,k,w
s,n,s,k,w
y,g,f,k,h
y,w,l,s,n
s,w,f,s,h
s,n,y,k,w
y,g,n,s,k
f,g,f,k,h
s,w,n,k,w
y,n,n,s,n
s,e,f,k,w
s,n,y,s,w
s,y,l,s,n
s,w,l,s,n
s,n,f,s,w
f,y,f,k,h
s,w,n,k,w
s,n,n,s,b
y,e,n,s,n
s,w,a,s,k
y,g,f,k,h
s,g,n,f,n
f,g,n,s,n
f,y,f,k,h
f,g,n,s,w
s,e,y,s,w
f,e,n,s,k
y,e,f,s,w
y,g,f,k,h
y,y,f,k,h
f,y,f,k,h
s,w,a,s,n
s,n,s,k,w
f,w,n,f,k
f,g,n,f,k
y,n,s,k,w
y,y,l,s,n
y,y,f,k,h
s,g,n,f,k
s,e,f,k,w
s,b,f,f,h
s,n,p,s,k
s,n,n,f,k
s,n,f,k,w
s,n,n,s,w
s,w,p,s,n
y,g,n,s,n
f,n,n,s,k
f,y,f,k,h
y,y,f,k,h
y,y,a,s,n
f,n,n,f,n
s,w,a,s,n
y,e,s,k,w
y,y,l,s,n
f,g,n,s,n
s,b,f,s,h
y,n,n,s,w
y,w,p,s,n
f,n,n,s,n
s,g,f,f,h
y,n,s,s,w
f,g,f,k,h
s,e,s,k,w
y,g,n,s,n
f,n,n,f,k
f,w,n,s,w
y,y,a,s,n
f,n,n,s,k
s,g,n,s,w
f,y,f,k,h
f,y,f,k,h
f,n,n,s,k
s,e,y,k,w
s,n,n,s,o
f,y,f,k,h
s,p,n,s,w
y,y,f,k,h
f,n,n,s,k
y,w,n,s,h
y,y,f,k,h
f,y,f,k,h
y,e,f,k,w
s,n,f,s,w
f,g,f,k,h
s,y,l,s,k
y,n,p,s,k
y,n,f,k,w
y,g,f,k,h
y,e,y,k,w
y,g,f,k,h
f,g,n,s,k
y,n,y,k,w
y,n,f,s,w
y,n,n,s,k
s,n,n,s,y
s,e,y,k,w
f,g,n,s,n
y,n,y,s,w
y,n,y,s,w
f,e,n,s,n
s,w,c,s,n
y,y,a,s,k
f,n,n,s,k
y,y,a,s,n
y,y,f,k,h
y,g,f,k,h
y,n,p,s,n
f,n,n,s,n
f,g,n,s,k
y,g,n,s,k
y,g,f,k,h
f,n,n,s,n
y,e,f,s,w
f,y,f,k,h
s,e,y,s,w
y,n,y,s,w
s,w,f,s,h
s,n,f,s,w
y,g,n,s,k
s,n,y,s,w
f,g,n,s,k
s,n,f,s,w
s,e,s,k,w
y,g,f,k,h
y,w,a,s,n
s,g,n,f,k
y,w,l,s,n
s,y,a,s,n
y,g,n,s,k
y,g,n,s,k
s,y,a,s,k
s,n,f,s,w
y,n,f,s,w
s,b,f,s,h
s,n,s,k,w
y,y,a,s,n
f,w,n,s,n
f,g,n,s,k
f,e,n,s,k
f,y,f,k,h
s,n,n,s,o
y,n,n,s,w
s,c,n,s,w
s,g,n,k,w
y,y,l,s,k
y,n,y,k,w
y,y,f,k,h
f,y,f,k,h
y,y,f,k,h
s,g,f,s,h
y,g,n,s,n
y,e,s,s,w
s,g,n,f,k
y,n,n,s,k
y,g,f,k,h
y,b,n,s,r
f,n,n,s,n
y,n,n,s,k
s,y,l,s,k
f,g,n,s,n
f,n,n,f,k
f,g,c,s,n
f,n,n,s,n
y,n,n,s,k
f,w,c,s,n
s,n,s,s,w
y,n,f,k,w
s,w,n,f,k
s,b,f,f,h
y,n,s,k,w
y,n,n,s,k
y,b,n,s,w
y,g,f,k,h
s,e,y,s,w
s,p,c,s,n
f,y,f,k,h
s,e,y,k,w
y,e,n,s,k
y,e,y,s,w
f,p,c,s,k
s,e,y,k,w
s,n,n,s,n
y,g,n,s,n
s,y,a,s,u
y,n,y,k,w
y,e,n,s,n
f,n,n,s,n
y,n,y,s,w
f,p,c,s,n
y,g,n,s,n
y,y,f,k,h
s,n,n,s,n
y,w,l,s,k
y,e,s,k,w
f,w,n,k,w
y,e,n,s,k
f,w,n,f,n
s,n,n,s,k
s,n,y,k,w
s,e,n,s,w
f,e,n,s,k
s,w,n,s,w
y,n,s,s,w
s,n,n,s,k
y,g,f,k,h
y,e,f,s,w
y,y,f,k,h
y,e,s,s,w
s,g,n,s,w
f,g,f,k,h
s,g,c,s,n
f,g,n,f,n
s,n,s,s,w
y,n,f,s,w
s,g,n,k,w
f,y,f,k,h
f,n,n,s,n
y,g,n,s,n
y,n,n,s,k
s,g,n,s,w
s,w,l,s,k
f,e,n,s,n
y,g,f,k,h
f,w,n,s,k
y,y,f,k,h
f,n,n,s,k
s,n,p,s,k
y,e,y,k,w
y,y,f,k,h
s,e,y,s,w
y,y,a,s,k
y,e,y,s,w
f,y,a,s,n
y,n,n,s,k
s,y,l,s,n
y,y,f,k,h
y,e,f,k,w
y,e,n,s,n
f,e,n,s,n
f,g,n,s,n
y,e,n,s,n
y,n,s,s,w
y,n,n,s,k
y,n,y,k,w
s,b,f,s,h
s,n,n,s,n
f,p,c,s,k
y,g,f,k,h
y,w,l,s,n
f,g,n,f,n
y,n,y,s,w
y,g,n,s,n
s,w,f,s,h
f,n,n,s,k
f,g,n,s,w
y,e,y,s,w
y,n,l,s,n
s,w,l,s,n
y,n,y,s,w
s,e,f,s,w
y,y,f,k,h
y,y,a,s,k
y,n,n,s,k
s,b,f,f,h
s,n,s,k,w
y,n,s,s,w
y,g,n,s,k
y,e,f,s,w
y,y,f,k,h
y,e,y,k,w
f,g,n,s,k
y,y,f,k,h
y,n,n,s,n
s,y,l,s,n
f,e,n,s,k
y,p,n,s,w
s,g,n,s,n
s,y,l,s,n
f,g,f,k,h
y,n,f,k,w
s,w,f,f,h
y,e,n,s,w
y,g,f,k,h
s,w,l,s,n
s,b,f,f,h
f,n,n,s,k
s,n,n,s,b
y,y,l,s,n
y,y,f,k,h
y,e,y,k,w
y,y,f,k,h
s,n,s,s,w
y,w,l,s,n
y,n,n,s,k
s,w,p,s,n
y,g,f,k,h
f,n,n,s,n
s,n,n,s,y
s,n,n,s,o
y,y,f,k,h
y,n,a,s,k
s,y,a,s,n
y,e,s,k,w
f,g,n,s,k
f,g,f,k,h
y,y,f,k,h
y,g,n,s,k
y,e,f,k,w
y,y,a,s,k
y,e,s,k,w
y,e,y,k,w
s,y,l,s,k
s,y,a,s,n
s,n,s,s,w
s,w,p,s,k
s,w,n,s,n
s,w,n,s,n
s,w,p,s,k
f,g,c,s,n
y,e,s,k,w
s,p,n,s,w
y,n,f,k,w
s,e,s,s,w
s,w,n,s,k
s,g,n,f,n
s,e,s,s,w
y,n,l,s,k
y,y,f,k,h
f,g,f,k,h
f,p,c,s,k
y,n,n,s,n
s,n,f,k,w
y,n,s,s,w
f,g,n,s,k
s,n,n,s,o
s,n,n,s,o
s,n,n,s,o
y,g,f,k,h
s,g,n,s,n
f,n,n,s,k
y,n,y,k,w
y,g,f,k,h
y,w,a,s,k
y,g,f,k,h
f,g,f,k,h
y,e,n,s,n
f,w,n,s,k
y,e,s,k,w
s,n,y,s,w
y,y,f,k,h
f,g,n,s,k
s,g,n,s,k
s,n,n,s,o
y,w,a,s,n
y,g,f,k,h
s,w,a,s,k
y,e,y,k,w
y,n,s,k,w
f,n,n,s,n
s,g,n,k,w
s,w,l,s,n
f,g,n,s,k
y,g,f,k,h
y,n,y,k,w
y,p,n,s,r
y,n,n,s,n
s,n,f,k,w
f,e,n,s,k
y,g,n,s,n
s,w,p,s,k
s,n,y,k,w
y,w,n,s,h
y,y,a,s,k
s,n,n,s,n
f,y,f,k,h
s,w,f,s,h
s,e,y,k,w
y,g,n,s,n
y,e,f,k,w
y,g,n,s,k
y,g,n,s,k
s,n,n,s,n
y,g,n,s,k
y,e,n,s,k
y,e,y,s,w
f,g,n,s,w
s,e,y,s,w
s,w,f,f,h
y,y,f,k,h
y,n,y,s,w
f,n,n,f,n
y,n,y,s,w
f,y,f,k,h
f,y,f,k,h
f,e,n,s,n
s,w,p,s,k
f,e,n,s,n
f,g,n,s,k
y,g,n,s,n
f,g,f,k,h
y,g,f,k,h
s,n,y,k,w
g,w,n,s,w
y,g,n,s,k
y,r,n,s,h
s,n,y,k,w
y,g,f,k,h
f,n,n,s,k
y,e,n,s,k
f,y,f,k,h
f,y,f,k,h
f,g,n,s,n
s,b,f,s,h
y,n,s,k,w
y,g,n,s,k
f,g,n,s,k
y,e,s,k,w
y,n,y,k,w
f,y,f,k,h
f,n,n,s,n
f,n,n,s,n
s,n,p,s,k
y,n,f,k,w
y,n,n,s,w
y,g,f,k,h
y,e,f,s,w
s,g,n,s,n
s,n,f,s,w
y,n,p,s,n
s,w,f,f,h
y,w,p,s,n
y,n,s,k,w
f,y,f,k,h
y,g,f,k,h
s,w,n,f,k
s,e,s,k,w
s,g,n,f,k
y,r,n,s,h
f,g,f,k,h
f,n,n,s,n
y,y,f,k,h
y,e,s,s,w
f,n,n,s,n
f,g,n,f,n
f,g,c,s,n
f,w,n,s,n
s,b,n,s,r
f,g,n,s,n
s,e,f,k,w
f,g,f,k,h
s,w,n,s,w
y,y,f,k,h
y,e,y,s,w
s,w,n,s,k
y,e,f,s,w
f,g,n,s,k
y,e,y,k,w
f,g,n,s,k
s,n,n,s,n
s,w,a,s,k
s,n,f,k,w
f,n,n,s,k
s,w,n,s,k
f,g,n,s,n
s,n,p,s,k
y,n,y,k,w
y,n,s,s,w
y,e,y,k,w
s,e,y,s,w
y,p,n,s,w
y,n,f,s,w
y,p,n,s,w
y,n,n,s,n
f,g,f,k,h
s,w,n,f,n
s,w,f,s,h
f,e,n,s,k
f,e,n,s,n
y,e,n,s,k
s,w,n,f,n
f,g,n,s,n
s,n,n,f,k
s,w,n,f,k
y,y,a,s,k
s,e,f,k,w
y,w,p,s,k
y,g,f,k,h
s,n,f,s,w
y,e,y,k,w
y,e,f,k,w
s,w,n,s,n
s,n,s,s,w
f,n,n,f,k
f,y,l,s,n
f,n,n,k,w
y,n,f,k,w
s,y,l,s,n
s,n,y,k,w
y,y,f,k,h
y,y,f,k,h
f,y,f,k,h
y,y,a,s,n
s,e,y,s,w
s,e,y,s,w
s,w,p,s,n
y,y,a,s,n
y,n,n,s,n
f,e,n,s,k
y,g,n,s,k
f,n,n,k,w
s,c,n,s,w
s,p,n,s,w
s,g,c,s,k
f,e,n,s,n
y,y,f,k,h
y,g,f,k,h
f,n,n,s,n
s,n,s,k,w
f,e,n,s,n
s,n,n,s,n
y,w,a,s,k
y,g,f,k,h
f,e,n,s,n
y,e,y,k,w
s,n,y,k,w
y,n,f,k,w
y,w,p,s,n
s,g,n,f,n
f,e,n,s,k
f,g,n,s,n
f,g,n,s,k
y,c,m,k,w
f,n,n,s,n
s,g,n,k,w
s,y,a,s,n
f,g,n,s,k
y,n,n,s,k
y,e,n,s,n
s,w,a,s,k
y,g,n,s,n
s,g,c,s,n
s,e,y,k,w
y,e,n,s,k
s,w,n,s,n
y,e,n,s,k
s,n,n,s,b
s,e,y,k,w
s,w,l,s,k
y,r,n,s,h
f,w,n,s,k
f,w,c,s,k
s,n,s,s,w
y,g,n,s,k
y,n,s,s,w
s,n,f,k,w
s,n,s,k,w
s,w,n,s,k
y,n,n,s,k
s,n,s,s,w
s,n,p,s,n
s,n,n,s,k
s,e,y,s,w
y,p,n,s,w
f,e,n,s,k
s,e,y,s,w
f,n,n,s,n
s,w,p,s,n
s,e,s,s,w
y,n,p,s,k
y,n,f,k,w
y,g,f,k,h
s,y,l,s,k
s,n,f,s,w
y,b,n,s,w
y,y,f,k,h
s,n,n,f,n
y,e,n,s,n
y,e,f,s,w
s,e,s,s,w
s,p,n,s,r
f,y,f,k,h
s,w,f,f,h
f,y,f,k,h
y,n,n,s,k
y,n,n,s,n
s,y,a,s,k
s,e,n,s,w
s,w,f,s,h
y,e,n,s,n
s,e,y,s,w
s,w,n,s,n
y,y,f,k,h
y,n,s,s,w
s,w,f,s,h
f,n,n,s,k
y,w,p,s,n
y,n,l,s,n
f,g,n,s,w
s,y,a,s,n
s,b,n,s,r
y,g,f,k,h
s,e,f,s,w
s,y,a,s,n
y,n,a,s,n
s,b,f,f,h
s,b,f,f,h
s,g,n,s,k
f,n,n,s,k
f,y,n,k,w
s,n,y,k,w
y,y,l,s,k
s,y,l,s,k
s,n,n,s,y
f,e,n,s,n
s,n,n,f,k
f,y,f,k,h
s,e,y,k,w
s,y,a,s,k
y,e,s,k,w
s,n,n,s,o
y,y,l,s,n
s,b,f,f,h
s,w,l,s,k
f,g,f,k,h
f,w,n,s,n
s,y,l,s,u
y,e,s,s,w
s,g,f,s,h
s,n,p,s,k
y,e,n,s,n
f,w,n,s,n
y,n,f,k,w
f,g,n,s,n
s,n,n,s,n
y,w,p,s,k
y,n,n,s,n
f,g,f,k,h
f,y,f,k,h
y,g,f,k,h
f,g,f,k,h
y,g,f,k,h
s,g,f,s,h
y,e,n,s,n
y,g,f,k,h
y,n,y,s,w
f,n,n,s,k
f,n,n,s,n
s,e,f,s,w
s,e,s,k,w
s,n,s,s,w
y,g,n,s,k
y,n,n,s,n
y,n,f,s,w
f,g,f,k,h
f,w,n,s,w
s,w,p,s,n
s,g,f,f,h
y,e,s,s,w
y,y,f,k,h
f,n,n,f,n
f,e,n,s,k
s,n,y,s,w
s,b,f,s,h
f,g,n,s,n
s,g,n,s,k
s,b,n,s,w
y,n,y,k,w
s,w,p,s,k
s,e,f,k,w
f,w,n,f,k
s,g,n,s,k
y,y,a,s,n
s,g,n,s,w
f,y,f,k,h
y,n,n,s,w
s,b,f,f,h
s,n,p,s,k
f,g,n,s,w
f,n,n,s,n
s,e,y,s,w
f,w,n,f,k
f,n,n,s,n
f,g,n,s,k
y,e,n,s,n
y,n,f,s,w
y,n,l,s,n
y,n,n,s,n
y,n,l,s,k
f,n,n,s,n
y,y,f,k,h
s,w,a,s,k
s,n,y,k,w
y,e,n,s,n
f,n,n,s,k
s,e,s,k,w
y,n,a,s,k
y,g,n,s,k
f,g,n,s,n
y,w,a,s,n
y,n,f,s,w
s,n,n,s,k
s,w,f,f,h
y,n,y,s,w
y,g,f,k,h
y,y,a,s,n
y,n,a,s,n
y,n,s,s,w
y,w,p,s,k
y,b,n,s,w
y,e,f,k,w
s,n,n,s,y
s,e,n,s,w
f,e,n,s,n
f,g,n,s,n
s,w,f,f,h
f,n,n,s,k
f,n,n,s,k
y,y,l,s,k
s,g,n,f,k
y,w,p,s,n
f,g,n,k,w
y,y,f,k,h
s,n,s,k,w
f,g,n,s,n
s,n,y,k,w
s,n,f,k,w
y,e,f,s,w
f,e,n,s,k
f,g,f,k,h
y,n,n,s,k
s,e,s,s,w
s,y,a,s,k
f,g,n,s,n
y,e,y,k,w
f,n,n,s,k
s,n,n,f,n
f,g,f,k,h
s,n,f,k,w
s,p,n,s,w
f,n,n,s,k
s,n,n,s,n
f,g,n,s,n
s,b,n,s,r
s,n,n,s,w
f,e,n,s,k
f,g,n,f,k
y,n,a,s,n
y,n,y,s,w
y,n,n,s,w
s,y,a,s,k
f,g,n,s,k
f,g,f,k,h
y,y,f,k,h
f,w,n,f,n
f,g,n,f,k
y,n,n,s,k
f,n,n,s,n
y,g,n,s,k
y,e,s,k,w
f,w,n,k,w
y,e,s,s,w
s,e,f,k,w
y,w,l,s,n
y,e,s,k,w
y,e,n,s,k
s,w,n,s,k
y,e,f,s,w
f,g,f,k,h
f,y,f,k,h
s,n,f,s,w
y,e,s,k,w
y,n,n,s,k
f,g,f,k,h
s,n,y,s,w
y,y,l,s,n
f,g,n,s,k
f,g,f,k,h
s,n,y,k,w
y,e,s,s,w
y,g,n,s,n
s,e,f,k,w
f,w,n,s,w
y,p,n,s,w
s,w,n,s,w
y,w,n,s,h
f,g,n,s,n
s,e,s,k,w
y,n,y,k,w
s,w,l,s,n
f,e,n,s,n
s,n,n,s,n
s,w,n,s,w
s,n,n,s,b
y,n,s,s,w
y,w,a,s,n
s,n,s,k,w
f,g,n,s,k
y,e,n,s,n
s,y,l,s,k
y,y,f,k,h
f,n,n,s,k
f,y,f,k,h
y,n,f,k,w
s,n,n,s,k
y,n,f,s,w
f,g,n,s,n
s,e,f,k,w
s,e,s,k,w
s,n,n,s,y
f,g,n,s,n
s,e,s,k,w
s,n,p,s,n
s,e,f,k,w
s,g,n,k,w
f,y,f,k,h
f,c,n,s,w
f,g,n,s,n
y,g,n,s,n
y,n,f,k,w
y,e,n,s,n
s,n,f,k,w
y,y,f,k,h
y,n,n,s,n
s,w,l,s,n
y,y,f,k,h
f,w,n,s,n
y,y,f,k,h
s,n,s,s,w
f,w,n,s,n
y,g,n,s,k
y,e,s,s,w
s,n,n,s,o
s,e,s,s,w
s,n,s,k,w
f,g,f,k,h
s,g,n,f,k
y,n,n,s,n
s,n,f,k,w
f,g,n,s,w
s,y,a,s,k
s,e,f,k,w
f,y,f,k,h
s,g,c,s,k
s,n,p,s,k
f,n,n,s,w
f,g,c,s,k
s,n,f,s,w
y,n,s,k,w
s,n,y,k,w
s,e,f,s,w
y,g,f,k,h
f,g,f,k,h
s,n,n,s,n
y,n,a,s,k
y,n,f,k,w
f,w,n,s,n
s,e,f,s,w
s,e,f,k,w
s,n,n,s,n
s,b,f,s,h
f,y,f,k,h
y,w,a,s,n
s,n,p,s,n
y,e,f,k,w
f,g,n,s,n
f,g,n,s,n
f,g,f,k,h
s,w,f,f,h
y,g,n,s,k
f,g,n,f,k
f,y,f,k,h
f,g,n,s,n
f,n,n,s,n
y,e,y,k,w
y,y,l,s,n
s,n,p,s,n
y,g,n,s,k
y,y,l,s,n
f,w,n,s,n
s,p,c,s,n
f,w,n,s,w
s,n,n,s,w
f,y,f,k,h
f,g,n,s,n
f,y,f,k,h
y,e,f,s,w
y,p,n,s,w
y,n,n,s,n
f,y,f,k,h
s,g,f,s,h
f,p,c,s,n
s,n,n,s,w
y,w,p,s,n
y,g,f,k,h
s,n,y,s,w
f,w,n,s,k
s,b,f,s,h
f,y,f,k,h
s,w,l,s,n
s,n,n,s,k
f,y,f,k,h
y,n,n,s,n
y,b,n,s,r
s,n,f,s,w
s,w,f,f,h
f,w,n,s,w
s,e,y,s,w
y,n,n,s,k
y,g,n,s,n
y,e,n,s,n
f,y,f,k,h
y,n,n,k,w
f,g,f,k,h
s,n,y,s,w
y,y,f,k,h
y,e,n,s,k
f,y,f,k,h
y,n,y,k,w
s,w,n,s,w
s,n,y,s,w
f,g,n,s,k
f,n,n,s,k
s,g,f,s,h
y,e,n,s,k
f,g,f,k,h
s,n,y,s,w
s,b,f,s,h
f,g,n,s,k
s,n,s,s,w
y,w,p,s,n
f,y,f,k,h
y,g,f,k,h
s,e,f,k,w
y,y,f,k,h
f,n,n,f,k
s,w,n,f,n
y,g,f,k,h
f,y,f,k,h
s,e,s,s,w
y,n,f,s,w
f,w,n,f,n
s,g,n,s,k
f,y,n,k,w
f,g,n,s,k
f,c,n,s,w
f,g,n,s,k
y,w,a,s,n
s,e,s,s,w
y,n,f,k,w
s,n,s,s,w
f,e,n,s,k
s,n,s,s,w
s,e,y,k,w
y,n,l,s,k
y,g,f,k,h
s,n,n,s,w
f,y,f,k,h
f,g,f,k,h
s,n,f,k,w
s,n,s,s,w
y,w,l,s,n
y,g,n,s,n
f,y,f,k,h
y,g,f,k,h
s,p,n,s,r
f,g,f,k,h
s,e,f,s,w
f,y,f,k,h
y,n,n,s,k
f,g,n,s,k
s,w,n,f,k
y,y,l,s,n
s,e,s,k,w
f,g,f,k,h
f,g,f,k,h
s,w,l,s,u
y,e,y,k,w
s,w,n,k,w
y,e,n,s,k
f,g,n,s,k
s,g,n,k,w
f,g,n,s,w
f,e,n,s,n
s,n,n,s,y
s,n,n,s,n
y,e,s,k,w
s,e,s,s,w
y,y,a,s,k
f,y,f,k,h
s,g,c,s,k
f,e,n,s,k
y,y,f,k,h
s,g,n,f,n
y,n,y,s,w
s,e,f,s,w
y,w,p,s,k
y,n,f,k,w
s,w,a,s,n
f,y,f,k,h
f,g,c,s,k
f,y,f,k,h
y,e,n,s,n
s,w,l,s,n
s,n,n,s,n
y,e,n,s,n
f,g,n,s,w
s,n,n,s,o
s,g,f,s,h
f,n,n,s,k
s,n,s,k,w
y,y,f,k,h
s,p,c,s,n
y,g,f,k,h
y,n,n,s,k
s,e,f,k,w
y,y,l,s,n
f,e,n,s,k
f,w,n,f,k
f,g,n,s,k
y,p,n,s,r
y,n,l,s,k
y,g,n,s,n
f,w,n,s,k
f,n,n,f,k
s,w,p,s,n
y,g,f,k,h
s,n,n,s,k
f,w,n,f,k
s,b,f,s,h
s,w,f,s,h
f,e,n,s,n
y,g,f,k,h
f,g,f,k,h
y,w,n,s,r
f,e,n,s,n
y,y,f,k,h
f,w,c,s,k
y,y,f,k,h
y,e,n,s,n
y,e,y,k,w
y,n,y,s,w
s,n,n,s,n
f,n,n,f,k
y,e,s,k,w
s,w,n,s,w
y,e,n,s,k
f,e,n,s,n
y,n,n,s,k
f,g,c,s,k
f,g,n,s,k
y,y,f,k,h
y,y,l,s,k
f,w,n,s,w
s,y,a,s,k
f,g,f,k,h
f,e,n,s,k
s,n,f,s,w
y,g,n,s,k
s,w,n,s,w
s,n,s,k,w
s,n,y,k,w
f,g,n,s,k
s,e,s,k,w
f,e,n,s,k
f,g,n,s,k
f,e,n,s,k
s,n,n,s,n
y,n,n,y,w
s,w,n,f,k
s,e,s,k,w
s,n,f,k,w
y,n,s,k,w
y,g,f,k,h
y,n,n,s,n
s,w,a,s,k
y,b,n,s,r
f,g,f,k,h
y,g,n,s,k
y,g,n,s,k
f,n,n,s,n
s,e,f,k,w
y,e,s,s,w
y,e,s,k,w
s,e,s,s,w
y,y,a,s,n
y,n,y,s,w
s,e,s,s,w
y,g,n,s,n
f,g,n,k,w
y,n,s,k,w
f,n,n,s,k
f,y,f,k,h
y,w,n,s,h
f,w,n,s,k
y,e,n,s,k
y,n,n,s,n
s,w,l,s,k
y,e,s,s,w
y,w,p,s,k
s,e,f,k,w
s,e,f,s,w
s,n,n,s,n
y,n,s,k,w
y,w,p,s,k
f,g,f,k,h
y,e,y,k,w
y,e,s,k,w
y,n,y,s,w
f,e,n,s,k
f,e,n,s,k
y,n,s,s,w
f,g,n,s,k
s,g,f,f,h
s,y,a,s,u
s,e,y,s,w
y,y,f,k,h
y,g,n,s,n
y,e,s,k,w
f,e,n,s,k
y,y,f,k,h
y,n,n,k,w
s,e,s,k,w
f,n,n,s,n
f,g,n,s,k
s,n,n,f,k
y,e,n,s,k
f,g,n,s,k
y,e,n,s,w
s,w,n,s,n
y,n,n,s,k
f,g,n,k,w
y,e,y,s,w
f,w,n,s,w
f,n,n,s,k
f,y,f,k,h
f,g,n,k,w
s,w,n,f,k
f,g,n,s,k
y,y,f,k,h
s,g,f,f,h
f,g,n,s,k
f,n,n,s,k
y,g,n,s,k
y,e,y,s,w
f,y,f,k,h
s,w,n,s,w
f,w,n,s,k
s,e,s,k,w
s,w,a,s,n
f,n,n,f,k
f,n,n,s,n
y,n,f,s,w
f,n,n,s,n
s,n,n,s,b
y,n,a,s,n
f,w,n,s,k
s,w,n,s,r
y,w,n,s,r
s,b,n,s,w
y,w,l,s,n
s,y,a,s,n
s,g,n,s,k
s,w,n,s,w
y,e,s,k,w
y,g,n,s,n
y,e,f,s,w
f,g,n,s,n
y,w,l,s,n
s,g,f,s,h
y,y,f,k,h
f,n,n,s,n
s,e,y,s,w
s,p,n,s,r
f,y,f,k,h
s,w,n,s,n
y,e,s,s,w
y,g,n,s,n
y,g,f,k,h
y,e,n,s,k
f,g,n,s,k
y,n,n,s,k
f,g,n,s,k
y,e,n,s,n
y,y,n,y,w
y,n,s,k,w
y,g,f,k,h
y,g,n,s,n
y,n,y,k,w
y,n,s,s,w
s,g,f,s,h
y,e,y,s,w
y,y,a,s,k
s,e,f,s,w
s,p,c,s,k
f,w,n,f,n
y,g,f,k,h
y,e,y,s,w
y,e,f,k,w
s,w,n,s,k
y,n,n,s,w
y,e,n,s,k
y,n,n,s,k
y,g,f,k,h
f,n,n,s,k
y,n,y,s,w
s,w,n,s,k
s,e,s,s,w
f,n,n,s,n
s,p,c,s,k
f,n,n,f,n
y,g,n,s,k
s,e,y,s,w
y,c,m,k,w
y,e,n,s,n
y,g,f,k,h
f,g,f,k,h
y,g,f,k,h
y,y,f,k,h
y,y,f,k,h
y,n,n,s,k
y,n,n,s,k
y,n,s,s,w
f,g,f,k,h
y,g,n,s,k
s,n,n,f,k
y,e,f,k,w
s,n,n,f,n
f,g,n,s,n
y,y,f,k,h
f,n,n,s,k
f,g,n,s,n
y,n,n,s,k
y,e,n,s,n
y,n,f,k,w
s,e,f,k,w
y,e,f,k,w
s,b,f,s,h
y,g,f,k,h
f,g,n,s,k
y,g,f,k,h
f,y,f,k,h
f,n,n,s,k
s,e,s,k,w
y,n,y,s,w
y,g,n,s,k
y,n,n,s,n
y,n,p,s,n
f,n,n,s,n
y,g,f,k,h
s,w,a,s,k
y,e,f,s,w
s,n,y,k,w
f,y,f,k,h
s,w,c,s,k
y,e,f,s,w
s,y,l,s,n
s,n,y,k,w
y,g,f,k,h
y,y,a,s,n
s,b,f,s,h
y,w,p,s,k
y,n,y,k,w
f,e,n,s,n
y,p,n,s,r
y,e,f,s,w
f,g,n,s,n
s,w,l,s,n
s,n,n,s,b
y,n,n,s,k
y,e,n,s,n
y,e,n,s,n
f,n,n,s,n
s,y,a,s,k
s,n,n,s,b
s,w,c,s,k
s,e,y,k,w
f,g,f,k,h
f,g,n,s,k
s,n,s,k,w
f,n,n,s,n
s,n,n,s,y
s,n,f,k,w
f,e,n,s,n
s,w,c,s,n
f,n,n,f,n
y,y,f,k,h
s,e,y,k,w
y,n,n,s,k
s,g,c,s,k
f,y,f,k,h
f,e,n,s,k
y,n,s,s,w
y,g,n,s,n
s,n,n,s,o
s,n,s,s,w
y,e,f,s,w
f,g,f,k,h
y,e,n,s,k
y,y,l,s,n
f,y,f,k,h
f,g,n,s,k
s,w,f,f,h
y,r,n,s,h
f,n,n,s,k
s,n,y,s,w
y,e,n,s,n
s,n,n,s,w
f,n,n,s,n
s,g,f,f,h
s,g,f,s,h
f,y,l,s,u
f,g,f,k,h
s,n,n,s,y
y,n,n,s,k
s,w,n,s,k
s,g,n,s,w
s,w,p,s,k
y,y,f,k,h
y,e,y,k,w
y,w,n,s,r
y,e,n,s,n
s,n,f,s,w
s,n,y,s,w
y,e,f,s,w
f,w,n,f,n
s,w,n,s,w
s,n,n,s,b
y,e,n,s,n
y,y,l,s,k
y,n,y,s,w
s,w,a,s,n
f,n,n,s,k
f,n,n,s,k
s,n,s,k,w
s,e,s,s,w
f,n,n,s,n
s,n,n,s,y
s,e,f,s,w
s,n,f,k,w
y,y,f,k,h
s,w,c,s,k
f,w,n,f,n
f,y,f,k,h
y,n,n,s,w
s,e,y,k,w
f,y,a,s,n
y,g,f,k,h
f,w,n,f,k
s,w,f,s,h
y,e,n,s,k
f,g,f,k,h
y,e,s,s,w
y,g,f,k,h
y,n,n,s,k
y,e,n,s,n
s,e,y,s,w
f,n,n,s,k
f,g,n,k,w
y,n,n,s,n
f,e,n,s,n
s,n,p,s,k
f,g,n,s,k
s,b,f,f,h
y,n,n,s,n
y,g,f,k,h
y,y,f,k,h
s,p,n,s,w
s,w,a,s,k
s,e,s,s,w
s,g,n,f,n
y,y,f,k,h
y,w,p,s,k
f,g,n,f,n
f,g,n,s,n
y,e,n,s,k
y,e,s,s,w
f,w,c,s,n
f,e,n,s,k
s,b,f,s,h
y,w,p,s,n
y,w,a,s,n
y,y,a,s,n
y,y,l,s,k
s,e,y,k,w
s,w,f,f,h
f,w,l,s,n
y,g,f,k,h
y,e,f,k,w
s,w,l,s,n
y,n,s,s,w
y,e,s,s,w
y,r,n,s,h
s,n,p,s,n
y,e,n,s,n
f,e,n,s,k
y,e,f,k,w
y,n,y,s,w
f,n,n,s,n
y,y,a,s,n
f,g,n,k,w
y,e,s,s,w
y,n,n,s,n
y,n,s,k,w
s,n,s,s,w
s,y,l,s,n
y,g,f,k,h
s,g,n,f,n
s,n,s,k,w
s,n,f,s,w
y,g,n,s,n
s,e,s,k,w
f,y,f,k,h
f,g,n,s,n
f,y,f,k,h
y,p,n,s,r
f,g,n,s,n
s,n,y,s,w
s,y,a,s,n
y,y,f,k,h
f,n,n,s,n
s,n,n,f,k
f,g,n,k,w
y,g,n,s,n
s,n,n,s,n
y,n,n,s,n
s,w,f,f,h
f,y,f,k,h
f,g,n,s,k
f,y,f,k,h
y,n,a,s,n
f,g,f,k,h
f,g,f,k,h
y,g,n,s,n
s,n,n,s,y
y,n,y,s,w
y,n,n,s,k
s,n,y,s,w
s,g,f,s,h
y,e,y,k,w
f,y,f,k,h
s,n,s,s,w
s,w,n,f,k
f,g,n,s,n
f,n,n,s,k
y,g,n,s,k
f,g,n,s,k
y,y,l,s,k
y,n,m,k,w
s,g,n,s,n
s,n,f,k,w
s,e,y,k,w
y,y,f,k,h
s,n,f,k,w
f,g,f,k,h
f,g,c,s,k
y,y,f,k,h
s,n,f,k,w
y,e,y,s,w
s,n,n,f,k
s,n,y,k,w
y,g,n,s,k
f,n,n,s,n
f,n,n,s,k
s,e,f,s,w
f,g,n,k,w
f,n,n,s,n
s,b,n,s,w
y,g,f,k,h
y,g,n,s,n
y,g,f,k,h
y,y,f,k,h
s,e,f,k,w
f,n,n,s,k
y,n,n,s,n
s,g,n,f,k
s,w,n,s,k
y,c,m,k,w
f,g,f,k,h
y,n,n,s,n
y,n,n,s,k
y,n,p,s,k
f,e,n,s,k
s,n,n,s,y
y,g,f,k,h
s,b,f,s,h
f,g,n,s,n
y,w,l,s,n
y,n,n,s,n
f,n,n,s,k
f,y,f,k,h
f,y,f,k,h
s,p,n,s,r
y,n,y,k,w
s,g,n,s,k
f,g,n,s,k
y,y,f,k,h
f,g,n,s,n
s,w,f,s,h
y,u,n,s,h
s,n,y,s,w
s,n,n,s,n
s,w,a,s,n
y,e,n,s,k
s,p,n,s,w
y,e,n,s,n
f,g,f,k,h
y,g,f,k,h
s,n,n,f,k
f,y,f,k,h
y,e,s,k,w
f,e,n,s,n
f,n,n,f,k
s,y,l,s,k
f,y,f,k,h
y,e,s,s,w
s,w,a,s,n
y,y,f,k,h
y,e,n,s,k
s,b,f,s,h
s,e,s,s,w
y,y,f,k,h
y,g,f,k,h
f,n,n,s,n
f,g,n,s,n
s,n,y,k,w
f,g,n,s,n
y,p,n,s,w
f,g,n,s,k
y,e,f,k,w
y,g,n,s,k
s,e,f,s,w
f,n,n,s,n
s,p,c,s,k
y,e,n,s,n
f,n,n,s,k
f,w,c,s,k
y,e,y,k,w
s,n,s,s,w
s,n,n,s,b
s,g,n,f,n
y,c,n,s,w
y,w,p,s,k
s,n,n,f,n
y,n,s,k,w
f,g,n,f,n
s,n,y,s,w
s,n,s,k,w
s,n,n,s,b
s,y,l,s,n
s,w,n,f,k
s,w,n,s,n
y,n,n,s,k
s,b,n,s,r
f,g,n,s,k
s,n,s,s,w
y,n,s,s,w
f,y,f,k,h
s,e,f,s,w
f,y,f,k,h
f,g,n,s,n
s,n,p,s,n
y,w,p,s,k
f,y,f,k,h
y,g,n,s,n
y,e,n,s,k
s,w,p,s,k
y,e,y,k,w
f,g,f,k,h
f,g,f,k,h
s,n,n,s,y
s,n,s,k,w
s,w,f,s,h
s,y,l,s,n
f,n,n,s,n
s,e,s,s,w
y,w,l,s,k
y,y,a,s,k
f,g,f,k,h
s,w,p,s,k
s,w,a,s,k
y,n,s,k,w
f,n,n,s,n
y,e,s,k,w
f,g,n,s,n
y,n,y,s,w
y,g,f,k,h
s,w,p,s,n
f,g,n,s,k
f,g,f,k,h
y,e,f,k,w
f,g,n,s,n
f,y,f,k,h
s,n,f,k,w
y,e,n,s,k
s,e,s,k,w
y,e,s,k,w
s,n,f,k,w
s,n,n,s,o
y,n,f,s,w
y,y,f,k,h
y,n,f,s,w
f,g,f,k,h
y,w,l,s,n
s,e,y,k,w
y,y,f,k,h
s,g,n,f,k
y,n,f,k,w
y,n,y,k,w
y,y,a,s,n
s,n,s,k,w
s,e,s,k,w
y,n,n,s,n
f,n,n,s,n
y,n,l,s,n
y,n,y,s,w
f,g,f,k,h
s,n,s,s,w
y,w,a,s,n
s,n,n,s,n
y,g,n,s,n
y,y,l,s,k
s,n,n,s,y
y,n,s,k,w
s,n,n,f,k
y,n,n,s,k
f,e,n,s,k
y,g,f,k,h
f,w,a,s,u
f,y,f,k,h
f,e,n,s,n
s,e,y,s,w
f,y,f,k,h
s,w,f,s,h
s,n,n,s,n
f,e,n,s,n
f,n,n,s,n
f,g,n,s,n
y,n,p,s,n
f,w,n,s,n
s,b,f,s,h
f,g,f,k,h
f,g,n,s,k
s,n,n,s,n
y,w,a,s,k
f,w,n,k,w
s,n,y,k,w
s,n,n,s,k
y,n,n,s,n
s,e,f,k,w
f,g,n,s,n
y,n,f,s,w
s,g,c,s,k
f,n,n,s,k
f,g,n,s,n
y,n,n,s,k
s,n,y,k,w
f,w,a,s,u
y,y,n,y,w
f,y,f,k,h
s,w,n,f,n
s,g,n,k,w
f,g,c,s,k
y,y,n,k,w
f,w,c,s,n
y,e,s,s,w
f,g,f,k,h
f,y,f,k,h
f,w,n,s,w
y,y,f,k,h
f,g,n,f,k
y,n,l,s,k
s,w,p,s,n
y,g,f,k,h
y,w,p,s,k
y,n,p,s,k
f,w,n,s,k
y,n,n,s,k
y,g,n,s,k
s,n,n,s,n
y,g,f,k,h
s,g,n,f,n
y,e,s,k,w
s,y,a,s,n
f,n,n,s,k
y,y,l,s,k
y,e,f,k,w
y,y,l,s,n
y,n,n,s,n
y,g,f,k,h
y,n,n,s,n
f,y,f,k,h
s,n,f,s,w
y,y,f,k,h
s,w,l,s,n
y,n,s,s,w
y,n,a,s,k
s,g,f,f,h
s,e,f,s,w
f,n,n,s,n
y,e,s,k,w
f,g,f,k,h
f,g,n,k,w
f,y,f,k,h
s,g,n,f,k
y,e,n,s,n
f,g,f,k,h
s,n,s,k,w
f,g,n,s,k
y,y,a,s,n
f,n,n,s,k
y,n,n,s,n
y,y,f,k,h
y,n,p,s,n
f,g,n,s,k
y,y,a,s,k
y,e,y,s,w
y,y,f,k,h
s,g,n,k,w
s,n,n,s,o
f,y,f,k,h
f,g,n,s,k
s,n,n,s,n
s,e,f,s,w
f,g,n,s,k
f,p,c,s,n
y,e,s,k,w
y,y,f,k,h
y,e,f,s,w
s,n,n,s,n
s,y,a,s,n
f,e,n,s,k
f,n,n,s,n
s,n,n,s,k
y,e,f,k,w
f,w,c,s,k
f,g,f,k,h
s,y,l,s,n
y,n,f,s,w
s,e,s,k,w
s,y,l,s,k
s,n,f,k,w
y,g,f,k,h
s,w,l,s,n
y,n,f,s,w
y,y,l,s,n
y,e,n,s,k
s,w,p,s,k
f,g,n,s,n
s,b,f,f,h
f,g,c,s,n
f,g,n,s,k
f,e,n,s,n
s,e,f,s,w
f,n,n,s,n
f,y,f,k,h
s,e,f,k,w
y,w,n,s,r
s,y,a,s,n
y,e,n,s,k
y,n,f,k,w
y,w,l,s,k
s,n,n,f,n
y,g,n,s,n
s,n,n,s,k
y,e,f,k,w
s,w,n,s,k
f,w,n,s,w
y,e,n,s,n
y,e,y,k,w
y,w,a,s,k
s,n,n,f,k
f,w,c,s,k
s,g,f,f,h
f,n,n,k,w
f,g,f,k,h
f,g,n,s,n
f,e,n,s,n
s,n,y,s,w
f,e,n,s,n
s,e,y,k,w
s,n,p,s,n
f,y,f,k,h
s,n,s,k,w
y,y,f,k,h
s,e,s,k,w
y,e,n,s,n
f,e,n,s,n
y,e,n,s,k
s,y,l,s,u
f,y,f,k,h
s,y,l,s,n
f,e,n,s,n
s,e,f,k,w
y,e,s,k,w
y,e,n,s,n
y,g,f,k,h
f,g,f,k,h
f,g,n,s,w
s,w,p,s,n
y,g,f,k,h
s,n,s,k,w
f,g,n,s,w
f,w,a,s,n
f,g,n,s,k
s,p,c,s,k
y,e,f,s,w
y,g,n,s,n
y,n,a,s,n
s,g,f,s,h
s,e,s,k,w
s,n,n,s,o
y,n,p,s,k
y,e,n,s,n
y,n,l,s,n
f,g,n,k,w
f,e,n,s,n
y,n,y,k,w
f,n,n,s,k
s,n,p,s,n
s,n,n,s,o
f,w,n,s,w
f,n,n,f,k
s,n,p,s,n
y,b,n,s,w
y,y,f,k,h
s,n,f,k,w
y,g,f,k,h
s,w,n,s,n
y,e,y,s,w
y,e,n,s,n
y,n,f,k,w
f,n,n,s,n
f,n,n,f,n
y,e,f,s,w
s,w,p,s,k
f,y,f,k,h
y,n,f,k,w
s,e,s,s,w
y,w,p,s,n
s,n,y,k,w
s,n,f,s,w
y,y,a,s,k
f,g,n,f,k
y,n,f,k,w
y,g,f,k,h
y,g,f,k,h
y,e,f,k,w
y,n,m,k,w
f,g,f,k,h
y,n,y,k,w
f,w,c,s,k
y,w,l,s,n
y,g,f,k,h
y,y,f,k,h
y,y,l,s,k
s,w,f,s,h
y,e,s,k,w
f,y,f,k,h
f,e,n,s,n
y,y,a,s,n
y,n,l,s,n
f,w,a,s,u
y,p,n,s,r
f,e,n,s,k
f,g,n,f,n
s,g,n,s,n
f,n,n,s,n
s,y,l,s,n
y,e,n,s,k
y,g,f,k,h
f,g,n,s,n
s,g,f,f,h
y,g,f,k,h
y,p,n,s,w
f,n,n,s,k
s,w,c,s,k
s,n,n,f,n
y,y,f,k,h
y,p,n,s,r
s,e,n,s,w
y,n,s,k,w
y,y,l,s,k
s,y,l,s,n
y,n,f,k,w
f,e,n,s,k
f,y,f,k,h
s,w,l,s,n
s,g,n,f,n
f,n,n,s,n
f,g,n,s,n
y,c,n,f,w
s,e,f,s,w
y,g,f,k,h
f,g,n,s,k
s,n,s,k,w
y,w,a,s,n
f,g,f,k,h
s,e,f,s,w
y,n,n,s,k
y,y,l,s,n
s,g,n,f,k
y,e,s,s,w
y,w,l,s,k
y,g,n,s,k
y,e,f,k,w
y,n,y,k,w
f,n,n,f,n
y,n,p,s,n
y,n,n,s,k
s,g,n,f,n
y,w,a,s,n
s,n,s,s,w
f,e,n,s,k
s,n,y,s,w
y,n,y,k,w
f,g,f,k,h
s,g,f,s,h
s,g,n,s,w
f,n,n,s,n
s,e,y,s,w
s,g,f,f,h
s,n,n,s,n
y,g,f,k,h
f,y,f,k,h
f,y,f,k,h
f,e,n,s,n
f,y,f,k,h
y,n,n,s,n
s,n,n,s,n
f,n,n,s,n
y,g,f,k,h
y,y,a,s,n
f,g,n,s,k
y,g,f,k,h
f,g,f,k,h
s,w,l,s,k
y,n,n,s,k
y,n,y,s,w
f,g,n,s,k
s,w,n,f,k
f,g,f,k,h
y,n,n,y,w
f,n,n,s,n
f,y,f,k,h
f,n,n,f,k
y,w,a,s,n
s,b,n,s,r
y,n,p,s,n
y,n,p,s,k
f,e,n,s,k
y,y,f,k,h
y,e,y,k,w
y,n,n,s,k
y,g,n,s,k
f,g,n,f,k
f,n,n,s,k
s,b,f,f,h
y,y,f,k,h
y,g,n,s,n
y,y,f,k,h
y,p,n,s,w
s,w,n,s,w
s,n,n,s,o
f,g,n,s,k
y,e,s,k,w
y,n,s,s,w
y,g,f,k,h
f,g,f,k,h
y,n,n,s,n
s,n,p,s,n
f,e,n,s,k
f,e,n,s,n
f,e,n,s,k
y,n,f,k,w
s,e,n,s,w
y,e,s,k,w
y,e,n,s,n
y,e,y,k,w
s,e,s,k,w
y,g,n,s,n
s,e,f,s,w
s,e,s,s,w
f,n,n,s,k
y,e,y,k,w
s,n,f,s,w
f,e,n,s,k
f,g,n,s,n
y,e,f,k,w
s,w,n,s,r
s,g,c,s,n
f,w,c,s,n
s,w,p,s,n
f,g,n,s,n
y,w,l,s,k
s,w,f,f,h
y,e,n,s,n
s,b,f,s,h
y,n,f,s,w
s,w,n,f,n
f,g,n,s,n
y,n,n,s,n
y,y,a,s,k
f,g,n,s,n
s,n,n,s,w
s,w,n,f,k
y,n,f,k,w
s,n,n,s,y
f,e,n,s,n
y,u,n,s,h
y,n,f,k,w
f,n,n,s,n
s,g,n,s,n
y,n,s,k,w
f,g,n,s,k
y,g,f,k,h
s,b,f,f,h
s,e,y,s,w
y,w,l,s,k
y,e,n,s,n
f,g,f,k,h
f,g,n,s,k
y,n,n,s,k
y,n,n,s,k
f,e,n,s,k
y,p,n,s,w
s,g,n,f,k
s,w,n,s,n
y,e,n,s,n
f,g,f,k,h
y,e,n,s,w
s,n,n,s,o
f,g,f,k,h
s,e,f,s,w
s,w,f,s,h
y,w,a,s,k
s,e,s,k,w
s,e,y,k,w
f,n,n,s,n
f,g,n,f,k
f,g,f,k,h
f,g,f,k,h
y,e,f,k,w
y,e,n,s,k
s,n,s,k,w
y,n,f,s,w
f,w,n,s,k
y,e,n,s,k
y,n,y,s,w
f,g,f,k,h
y,n,f,k,w
y,n,a,s,k
f,n,n,s,k
s,w,f,s,h
y,n,n,s,n
s,g,n,f,k
f,y,f,k,h
f,w,n,k,w
y,n,f,s,w
s,w,c,s,n
y,n,s,k,w
s,w,n,k,w
s,w,a,s,n
s,g,n,s,n
f,e,n,s,k
y,y,f,k,h
f,w,n,s,k
f,e,n,s,k
y,b,n,s,w
s,p,n,s,w
s,n,f,k,w
s,e,f,k,w
f,y,f,k,h
f,n,n,f,k
f,g,f,k,h
s,w,a,s,n
y,e,n,s,n
y,n,m,k,w
f,y,f,k,h
y,g,f,k,h
f,w,n,s,w
y,n,s,s,w
s,p,c,s,k
s,n,f,s,w
y,n,a,s,k
y,n,s,s,w
y,n,a,s,n
y,n,s,k,w
y,n,p,s,k
f,e,n,s,n
y,g,n,s,k
y,g,n,s,k
f,w,n,f,k
s,e,n,s,w
y,n,f,s,w
f,y,f,k,h
y,n,s,k,w
s,e,s,k,w
s,n,n,s,y
y,g,f,k,h
s,w,l,s,k
s,w,n,f,n
y,e,n,s,n
y,n,f,k,w
s,y,a,s,k
y,e,n,s,k
f,n,n,s,n
f,n,n,s,w
s,n,f,k,w
s,w,l,s,u
y,e,s,s,w
s,g,n,s,n
y,e,n,s,w
s,g,n,k,w
s,e,s,s,w
s,g,n,s,n
s,e,f,s,w
f,g,f,k,h
f,y,f,k,h
s,n,n,s,y
y,g,f,k,h
s,p,c,s,n
y,n,s,s,w
y,e,y,k,w
f,g,n,s,n
s,e,y,s,w
y,n,f,s,w
y,g,f,k,h
y,g,f,k,h
s,b,f,s,h
y,g,n,s,k
y,n,y,s,w
s,w,a,s,k
f,e,n,s,n
f,e,n,s,k
s,p,n,s,w
y,n,p,s,k
y,y,f,k,h
y,n,l,s,n
f,g,f,k,h
s,n,y,k,w
s,g,n,s,w
y,b,n,s,w
y,y,f,k,h
s,n,y,s,w
y,n,s,s,w
y,e,s,s,w
y,n,s,s,w
y,g,n,s,n
f,e,n,s,k
y,e,n,s,n
y,w,l,s,k
y,g,f,k,h
s,y,l,s,k
y,e,y,k,w
f,g,f,k,h
y,g,f,k,h
s,n,s,s,w
y,w,n,s,r
s,n,n,s,o
y,e,n,s,k
y,n,p,s,n
s,e,s,s,w
f,g,n,f,k
f,g,f,k,h
f,g,n,f,n
s,n,s,s,w
f,n,n,s,n
y,n,s,s,w
s,n,y,k,w
f,w,n,f,k
y,n,n,s,n
s,w,f,s,h
f,g,n,s,n
y,n,f,s,w
y,e,f,k,w
s,w,n,s,r
f,g,n,s,n
y,n,n,s,n
s,y,l,s,u
s,y,a,s,n
s,n,f,s,w
y,n,f,s,w
s,n,s,s,w
y,g,f,k,h
s,n,s,s,w
y,p,n,s,w
y,n,n,s,w
f,g,n,s,n
y,y,a,s,n
y,n,y,s,w
s,y,l,s,k
f,n,n,s,n
y,e,s,s,w
s,e,y,s,w
s,y,l,s,n
y,e,f,k,w
s,w,p,s,k
y,y,l,s,k
y,g,n,s,n
f,w,n,s,n
y,y,f,k,h
s,w,n,s,w
s,e,s,k,w
f,g,n,s,k
f,g,n,s,k
f,e,n,s,k
s,n,y,k,w
y,n,n,s,w
s,n,y,s,w
y,e,y,s,w
s,n,y,k,w
s,w,n,s,w
y,e,s,s,w
s,n,p,s,n
f,n,n,s,n
y,e,y,k,w
s,w,p,s,n
s,y,a,s,k
y,n,n,s,n
y,y,f,k,h
f,g,n,s,n
s,w,n,s,n
s,y,a,s,k
f,y,f,k,h
s,n,f,k,w
y,w,a,s,n
s,n,n,s,w
f,g,n,s,k
f,n,n,s,n
y,n,f,k,w
s,n,n,s,b
s,w,l,s,k
s,b,n,s,r
f,e,n,s,k
s,w,c,s,k
y,n,y,k,w
y,w,a,s,k
y,y,l,s,k
f,y,l,s,n
y,n,f,k,w
f,n,n,s,n
f,n,n,s,n
y,e,n,s,k
s,n,f,k,w
y,n,n,s,n
s,w,n,s,k
y,n,s,k,w
y,g,f,k,h
s,b,f,s,h
s,w,n,k,w
f,g,f,k,h
s,n,p,s,k
y,c,m,k,w
s,n,f,k,w
y,n,f,k,w
s,e,f,k,w
y,w,n,s,h
f,g,n,s,n
f,y,f,k,h
y,y,a,s,k
f,w,n,s,w
s,y,l,s,n
y,y,a,s,n
f,n,n,s,k
f,g,f,k,h
s,n,n,s,o
s,y,l,s,n
f,e,n,s,k
f,y,f,k,h
y,n,y,k,w
f,n,n,s,k
s,n,n,s,n
y,n,y,k,w
y,e,n,s,w
f,e,n,s,n
y,g,f,k,h
f,e,n,s,k
y,n,s,k,w
f,n,n,s,k
y,g,n,s,n
f,g,f,k,h
s,e,n,s,w
s,b,n,s,r
s,n,n,s,b
s,n,n,s,y
f,y,f,k,h
f,e,n,s,n
f,g,n,s,n
y,e,f,s,w
f,y,n,k,w
s,p,n,s,w
f,y,f,k,h
y,e,y,k,w
y,g,f,k,h
s,e,y,k,w
y,e,n,s,k
y,g,n,s,k
y,n,m,k,w
f,g,n,k,w
y,n,f,k,w
s,b,n,s,w
s,w,f,s,h
y,n,n,s,w
f,e,n,s,k
s,w,f,f,h
y,e,f,s,w
y,u,n,s,h
y,n,n,s,n
y,y,l,s,k
s,n,y,s,w
s,n,p,s,n
s,g,c,s,k
f,w,n,s,n
f,n,n,s,k
s,n,f,s,w
f,y,f,k,h
f,w,c,s,n
y,y,f,k,h
y,e,n,s,w
s,b,n,s,w
f,w,n,f,n
s,n,n,s,b
y,n,n,s,n
y,y,l,s,n
f,g,f,k,h
s,w,a,s,k
f,n,n,s,k
y,w,n,s,h
f,n,n,s,k
s,e,s,s,w
y,n,y,s,w
f,w,n,s,w
y,y,a,s,k
y,n,n,s,k
y,e,n,s,n
s,g,n,s,w
y,g,f,k,h
y,n,y,k,w
f,n,n,s,k
s,g,n,f,k
f,n,n,f,n
f,n,n,s,n
f,g,n,s,k
y,e,n,s,w
f,n,n,s,k
y,w,n,s,h
f,g,n,s,k
f,n,n,f,n
s,g,f,s,h
s,w,f,s,h
f,y,f,k,h
s,e,f,k,w
s,g,n,s,w
f,g,n,s,n
s,e,s,s,w
f,e,n,s,k
f,g,n,s,k
s,n,s,s,w
f,e,n,s,n
y,y,f,k,h
s,w,p,s,n
s,n,s,s,w
y,y,f,k,h
s,n,n,s,k
f,w,a,s,n
y,w,p,s,n
f,w,l,s,n
y,n,l,s,n
f,g,n,s,k
f,n,n,s,n
f,g,n,s,k
y,n,y,s,w
y,e,f,s,w
f,p,c,s,n
y,y,a,s,k
y,e,f,s,w
y,n,f,s,w
f,g,n,s,k
s,n,f,s,w
y,n,n,s,n
f,g,f,k,h
y,n,n,s,n
s,n,y,k,w
y,n,l,s,k
f,w,n,k,w
f,g,f,k,h
f,y,f,k,h
y,n,n,s,w
y,y,f,k,h
f,n,n,s,k
s,n,p,s,n
y,y,a,s,k
s,g,f,f,h
y,g,f,k,h
y,n,f,s,w
s,w,a,s,n
f,n,n,s,k
f,n,n,s,n
y,g,f,k,h
s,w,f,f,h
y,e,n,s,n
y,g,n,s,n
y,e,n,s,k
y,y,f,k,h
y,y,f,k,h
s,w,a,s,n
y,n,n,s,n
f,g,f,k,h
f,g,f,k,h
y,n,n,s,n
s,n,y,s,w
f,g,f,k,h
f,g,n,s,n
s,e,f,k,w
s,n,n,s,b
f,g,n,s,k
y,n,n,s,n
f,g,f,k,h
s,e,f,s,w
y,w,a,s,n
y,y,n,k,w
y,n,n,s,k
s,b,f,f,h
y,n,p,s,n
f,g,n,s,n
f,c,n,f,w
y,y,f,k,h
f,y,f,k,h
y,e,n,s,n
s,e,n,s,w
f,y,f,k,h
s,b,f,s,h
s,w,n,s,n
y,n,s,s,w
f,g,n,s,k
y,e,n,s,k
y,p,n,s,w
s,n,y,k,w
y,y,f,k,h
y,e,y,s,w
f,n,n,s,k
y,e,f,s,w
f,g,n,f,n
s,g,n,s,k
y,n,n,s,n
y,n,s,s,w
f,e,n,s,k
y,g,f,k,h
s,g,f,f,h
s,n,s,k,w
s,p,n,s,r
s,g,f,s,h
f,g,f,k,h
y,e,m,k,w
y,w,a,s,k
s,g,n,s,k
s,w,p,s,n
s,e,y,s,w
f,e,n,s,n
s,e,y,s,w
y,b,n,s,w
y,e,y,s,w
f,w,c,s,k
f,g,f,k,h
s,n,n,s,n
y,n,n,s,k
y,n,f,k,w
s,w,n,f,k
y,n,n,s,n
s,g,n,f,n
y,y,l,s,k
s,g,n,s,w
f,n,n,s,n
f,g,n,s,k
f,e,n,s,k
s,w,c,s,k
s,w,a,s,n
s,n,n,s,n
y,g,f,k,h
f,e,n,s,k
f,p,c,s,k
y,g,n,s,k
f,y,f,k,h
f,n,n,f,n
s,n,n,s,o
y,e,f,k,w
s,w,n,s,n
s,w,n,k,w
f,n,n,s,n
y,e,n,s,n
f,n,n,f,n
s,n,s,k,w
f,w,n,s,w
y,n,y,s,w
s,e,s,s,w
s,n,n,y,w
f,g,f,k,h
y,e,f,s,w
y,e,n,s,k
s,n,f,s,w
s,e,s,k,w
f,y,f,k,h
f,y,f,k,h
y,y,l,s,n
y,e,n,s,k
s,y,a,s,n
s,n,y,s,w
f,g,n,s,k
y,y,a,s,k
s,n,y,k,w
s,n,n,s,n
f,e,n,s,n
f,n,n,s,k
f,g,n,s,n
s,w,l,s,n
s,n,n,s,b
y,n,n,s,k
s,n,y,s,w
s,n,n,s,y
y,g,f,k,h
f,e,n,s,n
s,n,n,f,n
f,p,c,s,k
s,e,n,s,w
s,n,n,f,k
f,y,f,k,h
s,p,n,s,w
s,n,n,s,y
f,g,n,s,n
f,g,f,k,h
f,y,f,k,h
s,y,l,s,k
y,g,f,k,h
y,n,a,s,n
f,g,n,s,n
f,y,f,k,h
s,w,a,s,n
s,g,f,s,h
y,g,f,k,h
y,n,s,k,w
y,y,l,s,k
s,n,n,s,w
f,e,n,s,k
y,y,a,s,k
s,n,y,k,w
f,g,f,k,h
y,n,y,s,w
s,e,s,s,w
y,e,n,s,k
s,w,f,s,h
y,g,n,s,n
y,y,f,k,h
y,y,a,s,k
y,e,n,s,k
y,g,n,s,n
s,b,f,f,h
f,g,n,s,k
s,w,n,f,k
y,b,n,s,w
y,y,a,s,n
f,g,n,k,w
s,w,n,k,w
y,g,f,k,h
s,e,y,k,w
s,e,s,s,w
s,n,y,s,w
y,y,f,k,h
y,n,n,s,n
s,e,f,k,w
y,g,n,s,n
s,n,n,s,k
f,y,f,k,h
y,g,f,k,h
f,y,f,k,h
y,n,y,k,w
y,g,f,k,h
s,e,s,s,w
s,n,f,k,w
y,g,n,s,n
y,n,n,s,k
f,g,n,f,n
f,y,l,s,n
y,y,f,k,h
s,y,l,s,n
y,g,n,s,n
y,e,y,k,w
s,e,s,s,w
f,e,n,s,n
y,n,n,s,n
y,n,p,s,k
f,p,c,s,k
f,g,f,k,h
y,n,f,k,w
s,n,y,s,w
s,g,f,f,h
y,e,s,s,w
f,w,c,s,k
y,e,f,k,w
y,b,n,s,r
f,y,f,k,h
s,g,f,s,h
s,g,n,s,n
s,p,c,s,n
s,e,f,s,w
s,w,p,s,n
s,e,s,k,w
y,g,n,s,k
f,g,f,k,h
y,n,y,k,w
y,g,n,s,n
s,b,f,f,h
f,g,f,k,h
f,g,n,s,k
f,g,n,f,k
y,n,n,y,w
y,n,n,s,n
f,n,n,s,n
f,g,n,s,n
s,e,y,s,w
f,n,n,s,k
f,e,n,s,k
y,e,n,s,n
f,g,f,k,h
s,g,n,s,w
f,g,n,s,n
y,e,n,s,n
y,y,f,k,h
y,e,f,k,w
y,e,n,s,n
y,n,f,k,w
y,y,f,k,h
f,n,n,s,n
y,n,n,f,w
s,g,f,f,h
f,g,n,s,w
f,g,f,k,h
f,e,n,s,n
y,n,y,k,w
y,w,p,s,n
y,e,f,s,w
f,n,n,s,k
s,w,l,s,k
y,n,p,s,k
s,n,s,s,w
y,w,a,s,n
f,n,n,s,n
s,e,y,s,w
s,w,c,s,n
s,g,n,s,w
y,y,l,s,k
f,w,n,f,k
f,g,f,k,h
y,r,n,s,h
s,n,p,s,n
f,w,n,f,k
f,e,n,s,n
s,n,n,s,y
y,g,n,s,k
f,w,c,s,n
s,y,l,s,n
y,n,y,k,w
s,w,n,f,n
y,y,a,s,k
s,g,c,s,k
s,w,a,s,n
s,w,n,k,w
y,g,n,s,n
y,e,f,k,w
y,y,f,k,h
s,n,n,s,n
y,y,a,s,n
s,n,n,f,k
s,y,a,s,u
f,g,f,k,h
f,g,f,k,h
f,n,n,s,k
f,g,n,f,k
y,w,a,s,k
s,n,n,s,n
s,e,y,k,w
y,e,y,k,w
s,e,f,k,w
f,w,c,s,k
s,n,n,s,y
f,w,n,s,w
f,g,n,s,n
f,g,f,k,h
s,n,s,k,w
f,n,n,f,w
s,b,f,s,h
s,b,f,s,h
f,g,n,s,k
s,n,s,k,w
s,w,f,s,h
f,y,f,k,h
s,e,s,k,w
y,b,n,s,w
f,g,n,s,k
y,e,s,k,w
y,n,n,s,n
f,g,n,s,k
f,n,n,s,k
s,n,f,s,w
y,n,n,s,n
s,e,y,k,w
y,y,f,k,h
s,g,n,k,w
s,n,n,f,k
s,b,n,s,w
s,e,s,s,w
f,w,n,f,n
s,e,s,s,w
y,y,f,k,h
y,n,p,s,n
s,b,n,s,w
y,e,n,s,n
s,w,a,s,k
f,e,n,s,k
y,e,y,k,w
s,y,l,s,k
y,y,f,k,h
y,g,f,k,h
s,e,s,k,w
s,n,f,k,w
f,g,f,k,h
s,b,f,f,h
f,e,n,s,k
f,e,n,s,n
y,e,s,s,w
f,n,n,s,k
s,n,n,f,n
y,y,a,s,k
y,e,y,s,w
s,p,n,s,w
s,e,f,s,w
y,e,n,s,k
y,n,s,k,w
s,w,a,s,k
y,n,f,s,w
s,e,f,s,w
f,g,f,k,h
s,w,n,f,k
s,w,f,s,h
y,e,n,s,k
f,e,n,s,k
s,n,y,k,w
y,n,n,s,k
f,n,n,s,k
y,u,n,s,h
s,w,l,s,n
y,e,s,k,w
f,e,n,s,n
y,n,n,s,k
s,e,y,s,w
s,n,s,s,w
y,n,y,s,w
s,b,f,f,h
f,w,n,k,w
y,y,f,k,h
f,g,c,s,n
y,y,f,k,h
y,n,s,s,w
f,e,n,s,k
s,g,n,f,k
f,w,n,s,k
f,w,n,k,w
f,n,n,f,k
s,w,n,s,k
s,w,c,s,n
f,n,n,f,k
s,w,a,s,n
f,e,n,s,n
y,w,n,s,h
s,n,f,k,w
f,w,n,f,n
s,e,f,k,w
y,y,f,k,h
s,e,f,k,w
s,b,f,f,h
s,w,n,s,w
y,n,f,k,w
s,w,f,f,h
y,g,f,k,h
f,g,f,k,h
f,g,f,k,h
s,w,n,f,n
f,n,n,s,n
f,n,n,f,n
s,w,l,s,k
s,y,l,s,k
y,e,n,s,n
y,y,n,k,w
f,g,n,s,n
f,e,n,s,k
f,g,n,s,n
y,e,y,s,w
f,g,n,s,k
y,e,y,s,w
y,w,a,s,n
f,g,f,k,h
f,n,n,s,n
s,w,a,s,n
f,g,f,k,h
y,g,f,k,h
f,y,a,s,n
y,g,n,s,k
f,g,f,k,h
s,w,f,s,h
f,g,c,s,n
f,w,n,f,n
y,n,y,k,w
y,e,f,s,w
f,y,f,k,h
y,n,y,s,w
s,e,y,k,w
y,e,n,s,n
f,e,n,s,k
s,w,p,s,k
f,g,f,k,h
f,g,f,k,h
y,y,f,k,h
f,n,n,s,n
y,e,m,k,w
s,b,n,s,r
y,y,f,k,h
y,e,y,s,w
s,y,a,s,k
f,n,n,s,n
f,g,n,s,n
f,y,f,k,h
s,w,n,s,r
s,e,s,s,w
f,g,f,k,h
s,n,n,s,y
f,e,n,s,n
y,w,l,s,n
y,w,a,s,n
f,n,n,s,k
f,e,n,s,k
f,e,n,s,k
s,w,n,f,n
f,g,n,s,k
s,g,n,f,k
f,g,n,s,n
y,n,s,s,w
s,y,a,s,n
s,n,y,s,w
y,y,f,k,h
y,n,n,s,n
f,n,n,f,w
y,n,y,k,w
y,e,n,s,w
f,e,n,s,k
f,g,c,s,n
y,e,s,s,w
f,g,n,s,n
f,g,n,s,k
f,g,n,s,n
y,g,n,s,n
f,y,f,k,h
s,e,s,k,w
f,g,f,k,h
s,n,n,s,w
y,g,f,k,h
f,y,f,k,h
f,y,f,k,h
s,n,n,f,n
f,g,f,k,h
y,w,a,s,n
f,y,f,k,h
f,n,n,s,n
f,n,n,s,n
s,e,n,s,w
y,e,n,s,n
y,n,y,k,w
y,w,l,s,n
y,g,f,k,h
y,g,f,k,h
f,n,n,s,n
f,y,f,k,h
y,y,f,k,h
y,r,n,s,h
f,w,n,s,k
y,g,n,s,n
s,w,n,k,w
y,n,f,k,w
y,w,n,s,r
y,n,n,s,n
y,g,f,k,h
y,n,s,s,w
y,g,f,k,h
y,y,f,k,h
f,g,n,s,k
y,n,n,s,k
s,n,y,k,w
s,w,p,s,k
f,n,n,s,n
s,g,f,f,h
y,g,f,k,h
f,g,f,k,h
s,e,s,k,w
s,g,c,s,k
y,g,f,k,h
s,e,y,k,w
f,e,n,s,n
y,g,n,s,k
f,g,f,k,h
f,n,n,s,k
y,e,f,s,w
f,y,f,k,h
f,g,f,k,h
y,e,f,s,w
f,y,f,k,h
f,g,c,s,k
f,n,n,s,k
y,e,n,s,k
f,w,n,s,n
s,w,n,k,w
s,n,n,s,k
y,y,f,k,h
y,e,y,s,w
y,g,f,k,h
s,n,y,k,w
y,g,f,k,h
y,g,f,k,h
y,n,f,k,w
f,g,n,s,n
f,g,n,s,k
y,g,f,k,h
y,w,l,s,n
f,y,f,k,h
s,n,n,s,w
f,g,f,k,h
s,e,s,k,w
f,n,n,s,n
f,n,n,f,k
s,n,y,s,w
y,n,n,s,w
y,e,y,s,w
s,e,f,s,w
y,g,n,s,n
s,g,c,s,n
y,n,f,k,w
s,n,n,f,n
s,g,n,s,w
y,n,f,s,w
y,w,p,s,k
y,n,f,k,w
f,g,n,s,w
f,g,f,k,h
f,g,f,k,h
s,y,l,s,n
f,g,n,s,w
s,w,n,s,n
s,n,s,s,w
f,n,n,s,n
y,e,n,s,n
y,n,n,s,k
y,n,n,s,n
y,n,y,k,w
s,b,f,s,h
s,n,n,f,n
y,e,n,s,n
y,n,n,s,k
y,e,n,s,n
s,n,y,s,w
y,n,s,k,w
y,e,s,s,w
y,e,s,s,w
f,n,n,s,n
y,e,n,s,k
s,n,s,k,w
f,n,n,s,k
f,n,n,f,k
s,n,s,k,w
y,p,n,s,w
f,g,n,s,n
f,g,n,k,w
f,g,f,k,h
y,g,n,s,n
f,g,n,f,k
y,n,n,s,n
f,n,n,s,n
s,w,a,s,k
f,g,n,f,k
f,c,n,f,w
y,y,f,k,h
y,n,n,s,k
f,n,n,s,k
y,y,f,k,h
f,n,n,s,k
y,p,n,s,w
y,n,p,s,k
f,y,a,s,u
f,g,f,k,h
s,n,f,s,w
s,n,n,s,o
f,e,n,s,k
y,w,p,s,n
s,n,y,k,w
y,n,n,s,k
f,n,n,s,k
s,g,f,f,h
y,y,f,k,h
y,w,l,s,n
f,y,f,k,h
s,w,n,f,n
s,w,l,s,k
f,g,f,k,h
s,b,f,f,h
f,y,f,k,h
y,e,n,s,n
y,w,l,s,k
f,e,n,s,n
y,n,p,s,n
y,e,f,k,w
s,e,y,s,w
y,y,f,k,h
s,g,n,f,n
f,e,n,s,n
y,y,f,k,h
f,e,n,s,k
f,g,f,k,h
f,n,n,f,n
s,n,n,s,w
s,g,n,s,w
y,g,f,k,h
s,e,y,s,w
f,e,n,s,n
f,g,n,s,k
y,w,p,s,k
f,g,n,s,k
y,y,f,k,h
f,y,f,k,h
f,g,n,s,k
s,e,f,s,w
s,n,n,s,o
s,w,n,f,k
s,w,f,f,h
f,g,n,s,k
f,g,f,k,h
y,g,f,k,h
y,y,f,k,h
y,g,f,k,h
y,e,n,s,k
s,b,f,f,h
f,n,n,s,n
y,g,n,s,n
s,n,f,s,w
s,n,s,s,w
y,g,n,s,k
f,g,n,s,w
s,w,n,f,n
y,w,l,s,k
y,y,f,k,h
f,g,f,k,h
s,n,p,s,k
y,e,n,s,k
s,g,n,k,w
y,n,y,k,w
s,w,f,f,h
s,w,n,s,n
s,w,p,s,k
y,n,p,s,k
f,y,f,k,h
s,g,n,s,w
y,e,n,s,n
y,g,f,k,h
y,g,n,s,n
f,g,n,s,k
f,g,f,k,h
f,e,n,s,n
y,e,f,k,w
f,e,n,s,k
y,e,s,k,w
y,g,n,s,k
f,e,n,s,n
s,w,n,s,k
s,n,y,s,w
s,w,p,s,n
s,e,y,s,w
y,y,a,s,k
y,g,n,s,k
y,g,n,s,n
s,e,y,k,w
f,g,n,s,n
y,n,l,s,k
y,n,f,s,w
y,n,n,s,n
s,e,s,s,w
f,g,n,f,n
f,g,n,s,k
f,e,n,s,k
y,n,n,s,k
y,g,f,k,h
s,e,s,k,w
f,y,n,k,w
f,e,n,s,n
y,y,f,k,h
y,n,s,s,w
s,n,f,s,w
f,g,f,k,h
y,e,n,s,k
f,g,n,s,k
y,w,p,s,n
y,g,f,k,h
y,g,f,k,h
y,b,n,s,w
y,g,n,s,k
f,g,n,s,n
s,n,n,s,o
f,g,n,f,k
s,n,f,k,w
y,n,f,k,w
y,w,l,s,n
f,w,n,s,k
y,n,s,s,w
f,n,n,f,w
f,n,n,f,k
y,g,f,k,h
f,g,f,k,h
y,g,f,k,h
y,g,f,k,h
f,g,n,s,n
y,n,s,k,w
y,n,f,s,w
y,e,y,k,w
y,n,y,s,w
f,e,n,s,k
f,g,n,s,k
s,e,y,s,w
y,e,n,s,k
f,g,f,k,h
s,w,n,f,k
s,w,n,f,n
y,y,n,y,w
f,g,f,k,h
y,w,a,s,n
y,y,l,s,k
y,e,n,s,n
y,w,p,s,n
y,y,n,k,w
f,n,n,s,k
s,b,f,f,h
y,g,f,k,h
f,g,f,k,h
f,n,n,s,k
s,g,n,s,k
y,n,s,k,w
s,e,y,s,w
f,w,n,f,k
f,y,f,k,h
s,n,n,s,n
f,g,n,s,k
y,y,f,k,h
y,g,n,s,k
y,e,f,s,w
f,g,n,s,n
s,e,s,k,w
y,e,n,s,k
f,n,n,s,n
y,c,n,s,w
s,b,f,s,h
s,w,c,s,n
y,e,y,s,w
s,e,f,k,w
s,e,f,s,w
s,n,s,k,w
s,y,a,s,k
y,y,l,s,k
y,y,a,s,n
s,e,f,k,w
y,n,f,k,w
y,g,f,k,h
f,g,f,k,h
s,w,n,k,w
y,n,n,s,n
s,w,p,s,n
s,w,n,s,n
f,n,n,s,n
y,g,f,k,h
y,g,f,k,h
y,p,n,s,w
s,n,s,k,w
y,e,n,s,n
s,w,a,s,k
y,y,f,k,h
f,g,f,k,h
y,e,s,s,w
s,e,f,k,w
f,y,f,k,h
s,g,f,f,h
y,e,s,k,w
y,g,f,k,h
y,n,n,s,n
s,n,p,s,n
y,e,s,s,w
f,n,n,s,k
y,e,f,s,w
s,w,a,s,k
f,g,n,f,k
s,g,c,s,n
f,g,n,s,k
y,g,n,s,k
s,e,s,s,w
s,w,a,s,k
f,g,f,k,h
y,n,n,s,k
s,e,f,k,w
s,e,f,k,w
y,y,n,k,w
y,n,s,k,w
y,g,n,s,n
f,g,n,s,n
y,e,n,s,n
f,g,n,s,n
y,g,f,k,h
s,n,f,k,w
y,w,l,s,k
y,y,f,k,h
y,n,f,k,w
y,n,s,k,w
y,e,n,s,n
f,n,n,s,k
s,y,a,s,k
f,w,n,s,n
s,n,n,s,n
f,g,n,s,k
y,e,y,k,w
y,n,a,s,n
y,g,f,k,h
f,g,n,f,n
y,e,n,s,k
y,y,l,s,n
y,g,n,s,n
f,g,n,s,k
f,n,n,s,k
f,g,n,s,k
s,w,n,k,w
y,y,l,s,n
y,n,n,s,k
f,g,f,k,h
s,w,a,s,k
s,w,p,s,n
s,e,f,s,w
s,n,f,s,w
f,g,n,s,n
y,g,n,s,n
f,g,f,k,h
f,w,a,s,n
y,w,a,s,n
f,y,f,k,h
y,e,f,s,w
y,n,n,s,k
f,n,n,s,n
y,y,f,k,h
y,n,n,s,n
s,n,s,k,w
y,y,f,k,h
s,p,n,s,w
s,g,n,k,w
y,n,n,s,k
f,w,n,s,n
s,n,n,s,b
s,n,n,s,o
f,g,n,f,k
s,n,y,k,w
y,e,y,s,w
f,g,n,s,k
y,w,l,s,n
s,n,s,s,w
s,e,y,s,w
s,n,s,k,w
y,n,n,s,n
s,n,n,f,k
f,y,f,k,h
f,n,n,s,n
y,n,y,s,w
f,g,n,s,k
f,g,c,s,n
s,w,f,s,h
f,n,n,s,n
f,p,c,s,n
y,p,n,s,r
f,n,n,s,k
y,e,n,s,n
f,g,f,k,h
s,y,a,s,k
s,e,f,k,w
s,w,n,s,n
y,g,f,k,h
y,e,s,s,w
y,w,l,s,n
s,n,n,s,n
y,n,f,k,w
s,n,s,s,w
y,e,s,s,w
f,y,n,k,w
y,y,l,s,k
s,n,f,s,w
s,n,y,k,w
y,n,n,s,n
s,g,n,s,w
f,e,n,s,n
s,e,s,s,w
f,g,f,k,h
y,g,n,s,n
f,y,f,k,h
y,n,s,k,w
f,n,n,s,n
y,g,n,s,k
s,g,n,s,w
f,g,f,k,h
y,y,f,k,h
y,g,f,k,h
y,y,f,k,h
y,n,m,k,w
f,y,f,k,h
s,n,y,s,w
s,g,n,s,w
y,g,n,s,n
y,y,l,s,n
y,g,f,k,h
f,y,f,k,h
y,e,n,s,w
s,w,n,s,r
y,n,l,s,k
y,e,n,s,k
y,n,n,s,k
s,n,n,s,y
y,g,f,k,h
s,y,l,s,k
s,n,s,s,w
s,y,l,s,n
y,e,y,k,w
f,w,n,s,k
s,e,s,s,w
y,y,a,s,n
y,n,p,s,n
s,e,y,k,w
f,n,n,s,k
y,g,f,k,h
s,g,n,s,n
f,g,n,s,n
f,w,n,s,k
s,n,f,s,w
f,w,n,s,n
s,e,f,s,w
f,g,n,f,k
y,y,f,k,h
f,y,f,k,h
y,n,y,s,w
s,b,f,f,h
y,e,n,s,n
s,e,y,k,w
s,b,f,s,h
y,e,n,s,k
f,g,f,k,h
y,n,s,s,w
f,y,f,k,h
s,n,f,s,w
y,e,y,k,w
y,y,f,k,h
y,b,n,s,w
y,g,n,s,n
y,y,l,s,k
f,g,f,k,h
y,y,f,k,h
y,n,n,s,w
f,n,n,s,k
f,y,f,k,h
f,p,c,s,n
y,e,y,s,w
y,e,n,s,n
y,y,l,s,n
f,n,n,s,k
y,y,f,k,h
f,g,n,s,k
y,g,n,s,n
y,n,y,s,w
s,w,f,s,h
f,n,n,s,n
y,e,n,s,k
s,w,n,k,w
s,n,p,s,n
s,e,s,s,w
s,n,f,k,w
s,w,l,s,k
s,g,n,s,w
f,n,n,s,k
s,g,c,s,n
s,b,n,s,r
s,n,f,k,w
y,w,p,s,n
f,g,n,s,n
f,e,n,s,n
y,y,f,k,h
s,w,a,s,k
s,e,y,k,w
s,g,f,f,h
f,w,n,k,w
y,y,f,k,h
f,e,n,s,k
s,n,n,s,n
y,n,l,s,k
s,w,f,f,h
f,g,f,k,h
s,n,f,s,w
s,w,l,s,n
y,n,y,k,w
y,g,f,k,h
f,g,f,k,h
f,y,f,k,h
s,w,p,s,k
y,n,y,k,w
s,n,n,s,b
s,c,n,s,w
s,e,y,k,w
f,g,f,k,h
f,n,n,s,k
y,e,y,k,w
f,e,n,s,n
s,g,f,s,h
s,w,n,s,k
s,g,f,f,h
f,g,f,k,h
y,n,n,s,n
y,g,f,k,h
y,g,f,k,h
y,g,f,k,h
s,p,n,s,r
s,y,a,s,k
y,n,f,k,w
f,n,n,s,k
s,e,y,k,w
f,n,n,f,k
s,g,f,s,h
f,g,f,k,h
y,n,l,s,n
y,n,f,k,w
f,n,n,s,k
y,g,n,s,n
s,n,p,s,n
y,y,l,s,k
y,r,n,s,h
s,e,y,k,w
f,n,n,s,k
y,e,s,k,w
f,w,n,s,k
y,n,a,s,k
y,g,n,s,n
f,e,n,s,n
y,g,f,k,h
s,y,l,s,n
s,e,s,s,w
y,n,l,s,k
s,n,s,s,w
y,w,l,s,n
s,n,n,s,k
f,y,f,k,h
y,e,f,k,w
s,w,n,s,k
f,n,n,s,n
f,n,n,s,n
y,g,f,k,h
s,w,f,f,h
y,e,n,s,k
y,e,n,s,n
y,n,y,s,w
f,g,f,k,h
f,n,n,s,k
y,n,s,s,w
s,e,s,k,w
s,n,f,k,w
y,n,n,s,k
f,g,n,s,n
y,n,s,s,w
y,n,n,s,k
y,w,a,s,n
s,g,f,s,h
s,y,a,s,n
s,n,n,f,k
y,e,f,k,w
s,n,s,s,w
y,e,n,s,w
f,e,n,s,n
s,e,f,k,w
s,n,f,k,w
f,y,f,k,h
y,g,n,s,k
y,n,s,s,w
s,y,l,s,n
y,g,f,k,h
y,w,l,s,k
s,w,f,f,h
y,w,l,s,k
f,y,f,k,h
f,g,n,s,k
s,w,f,s,h
y,e,n,s,n
y,e,f,s,w
s,y,l,s,k
s,n,y,k,w
f,y,f,k,h
s,b,f,s,h
s,n,y,k,w
y,e,f,s,w
f,n,n,s,k
f,g,f,k,h
s,n,n,f,n
y,g,f,k,h
f,n,n,s,n
y,e,n,s,k
s,w,f,f,h
y,n,l,s,n
s,e,n,s,w
y,e,y,s,w
y,e,m,k,w
s,n,y,k,w
s,y,l,s,k
f,n,n,s,k
f,e,n,s,k
s,e,f,k,w
y,e,s,s,w
s,g,n,s,k
s,n,n,s,n
f,g,n,s,k
y,n,f,k,w
s,n,s,k,w
s,w,a,s,k
y,n,m,k,w
f,g,n,s,n
y,e,s,k,w
f,n,n,s,n
s,w,p,s,n
y,e,n,s,k
f,y,f,k,h
y,y,f,k,h
s,w,a,s,u
f,g,f,k,h
s,n,y,s,w
s,w,c,s,n
f,y,f,k,h
f,g,n,f,k
f,w,n,k,w
s,e,n,s,w
y,e,f,s,w
s,e,s,s,w
f,e,n,s,k
s,e,y,k,w
s,n,s,k,w
y,p,n,s,w
y,y,a,s,n
s,n,n,s,b
s,p,c,s,n
f,g,f,k,h
f,n,n,s,k
f,w,n,s,k
f,n,n,s,n
s,g,f,s,h
f,n,n,s,k
f,n,n,s,n
y,y,a,s,k
y,g,f,k,h
f,n,n,s,n
f,g,n,s,n
s,w,n,s,w
f,y,f,k,h
f,y,f,k,h
y,g,f,k,h
s,n,y,k,w
s,p,c,s,k
s,w,l,s,k
y,p,n,s,r
y,w,p,s,k
f,g,n,k,w
f,n,n,s,n
y,n,p,s,k
s,n,n,f,k
y,g,f,k,h
y,n,f,s,w
s,w,c,s,k
s,n,s,k,w
f,e,n,s,n
y,e,y,k,w
f,n,n,f,k
s,n,n,s,o
s,w,p,s,k
y,n,s,s,w
y,e,n,s,n
y,w,n,s,h
f,w,n,k,w
y,y,f,k,h
s,b,n,s,w
f,w,n,s,k
y,y,f,k,h
s,g,f,s,h
f,g,n,s,n
y,u,n,s,h
s,e,f,k,w
s,n,s,s,w
s,y,l,s,k
s,n,p,s,n
f,y,f,k,h
y,e,y,s,w
y,y,f,k,h
y,e,n,s,k
y,g,n,s,n
y,n,n,s,n
s,w,n,f,k
y,g,n,s,k
y,y,a,s,n
y,e,s,s,w
s,w,n,s,k
f,n,n,s,w
f,e,n,s,k
f,w,n,s,n
f,g,f,k,h
s,n,n,s,b
y,n,n,s,k
f,w,c,s,k
s,e,f,k,w
y,n,n,s,k
y,e,n,s,n
y,n,n,s,k
f,g,f,k,h
f,y,f,k,h
y,y,f,k,h
y,w,l,s,n
f,y,f,k,h
f,n,n,f,k
y,g,n,s,k
y,n,n,s,n
f,g,n,s,n
y,n,l,s,k
s,e,y,k,w
y,e,f,k,w
y,g,n,s,n
s,n,n,s,o
f,n,n,s,k
s,w,l,s,k
f,g,n,k,w
y,g,f,k,h
y,y,a,s,k
s,g,n,s,n
y,e,n,s,k
y,e,f,k,w
f,w,n,s,k
y,n,f,s,w
s,n,f,k,w
y,e,f,k,w
y,y,f,k,h
s,n,s,s,w
y,c,n,s,w
y,n,m,k,w
y,e,n,s,w
y,e,y,s,w
y,n,n,s,n
y,e,f,k,w
f,y,f,k,h
y,e,s,s,w
s,n,s,k,w
f,w,n,s,k
y,g,f,k,h
y,w,a,s,n
s,w,f,s,h
f,g,f,k,h
s,w,n,s,k
f,g,c,s,k
f,n,n,s,n
y,y,f,k,h
f,g,f,k,h
f,y,f,k,h
y,y,f,k,h
y,g,f,k,h
s,n,f,k,w
y,g,f,k,h
y,g,n,s,n
y,e,y,k,w
s,n,y,s,w
s,y,l,s,k
y,y,f,k,h
y,e,f,k,w
s,y,l,s,n
s,n,n,s,b
f,y,f,k,h
y,n,n,s,k
y,n,y,k,w
y,w,a,s,k
y,n,n,s,w
y,e,f,k,w
s,y,l,s,n
f,g,f,k,h
y,e,s,s,w
y,w,a,s,k
y,n,n,s,k
y,e,n,s,n
f,n,n,s,k
s,b,f,f,h
f,g,n,k,w
s,n,n,y,w
y,w,l,s,k
s,n,y,s,w
f,n,n,s,n
y,n,p,s,n
y,g,f,k,h
f,y,f,k,h
f,n,n,s,n
y,n,y,s,w
y,g,n,s,k
y,n,n,s,n
f,g,f,k,h
f,w,n,s,w
f,g,f,k,h
y,y,f,k,h
y,g,f,k,h
f,e,n,s,k
f,n,n,f,n
y,g,n,s,n
s,n,n,f,n
y,n,n,s,k
f,g,f,k,h
f,g,n,s,w
f,y,f,k,h
y,g,f,k,h
y,n,f,k,w
y,w,l,s,k
y,y,n,k,w
s,n,n,s,y
f,n,n,s,n
f,y,a,s,n
f,n,n,s,n
y,g,n,s,n
y,p,n,s,w
f,g,f,k,h
s,w,n,s,w
y,y,f,k,h
f,g,n,s,k
s,w,n,f,n
f,n,n,s,n
y,n,p,s,n
s,y,l,s,k
y,n,a,s,k
y,g,f,k,h
f,w,n,f,k
s,e,f,k,w
y,e,n,s,k
s,w,l,s,k
y,e,n,s,k
f,g,n,s,n
y,y,f,k,h
y,y,l,s,n
f,n,n,s,k
f,g,f,k,h
y,g,f,k,h
s,n,y,k,w
y,e,s,s,w
s,n,y,s,w
f,g,f,k,h
y,e,n,s,k
s,w,p,s,n
s,e,s,s,w
y,y,l,s,n
f,w,n,k,w
y,n,n,s,k
s,w,a,s,n
f,g,f,k,h
s,e,y,k,w
s,e,s,s,w
y,n,n,s,n
f,g,n,s,k
s,p,c,s,k
f,g,f,k,h
f,g,c,s,k
f,e,n,s,n
f,g,f,k,h
y,n,s,k,w
y,n,y,s,w
s,n,s,k,w
s,y,a,s,k
y,e,y,s,w
y,e,n,s,k
s,e,y,k,w
s,b,f,s,h
s,e,y,k,w
f,y,f,k,h
y,y,a,s,k
s,n,y,k,w
y,b,n,s,r
s,w,n,s,w
s,w,f,s,h
f,g,f,k,h
s,w,f,s,h
y,g,n,s,n
y,y,l,s,n
y,e,n,s,k
s,y,a,s,k
s,n,f,s,w
s,n,n,s,w
y,g,f,k,h
y,e,n,s,k
y,e,n,s,n
f,g,n,s,n
s,e,s,s,w
y,g,f,k,h
y,y,l,s,n
s,w,n,s,r
f,g,n,s,k
y,g,n,s,k
f,g,f,k,h
y,e,s,s,w
s,n,n,s,o
s,g,n,k,w
y,n,n,s,n
s,w,l,s,k
y,n,n,s,n
s,n,y,s,w
f,g,n,f,n
s,p,n,s,w
s,n,f,k,w
y,y,l,s,k
f,n,n,s,k
f,w,n,k,w
y,y,l,s,k
f,y,f,k,h
y,w,a,s,n
f,n,n,s,k
f,y,f,k,h
y,g,f,k,h
f,g,f,k,h
s,e,s,s,w
s,e,f,s,w
f,w,n,s,n
s,e,y,s,w
f,p,c,s,k
s,n,s,s,w
s,b,f,f,h
f,g,n,s,n
y,g,n,s,k
s,p,n,s,w
y,n,f,s,w
y,y,f,k,h
f,g,n,s,k
y,y,f,k,h
f,g,f,k,h
s,w,c,s,n
y,n,l,s,k
f,g,f,k,h
s,n,n,s,n
f,g,f,k,h
f,n,n,s,k
y,n,s,k,w
y,g,f,k,h
y,r,n,s,h
s,e,s,k,w
f,g,f,k,h
y,y,a,s,k
y,n,y,k,w
y,g,n,s,k
f,y,f,k,h
y,g,n,s,k
s,w,n,f,n
s,n,y,k,w
s,g,n,s,w
y,n,a,s,k
f,n,n,s,n
s,e,f,s,w
y,n,m,k,w
y,e,s,k,w
f,n,n,s,k
f,n,n,s,k
f,g,n,s,n
y,y,a,s,k
y,e,y,k,w
s,n,s,s,w
f,g,f,k,h
s,w,n,s,r
f,g,f,k,h
y,n,a,s,k
y,y,a,s,k
y,e,s,k,w
s,w,n,f,k
y,e,m,k,w
s,e,y,s,w
y,g,f,k,h
s,g,f,f,h
f,g,n,k,w
f,w,n,s,w
y,y,l,s,k
y,y,f,k,h
f,e,n,s,n
y,n,y,k,w
y,e,n,s,n
f,g,n,s,n
f,e,n,s,k
y,e,n,s,n
y,n,l,s,n
f,e,n,s,k
y,e,n,s,k
f,g,f,k,h
f,g,n,s,n
y,u,n,s,h
y,g,n,s,k
y,n,p,s,n
y,p,n,s,w
s,g,n,s,n
y,n,s,s,w
y,n,f,k,w
f,w,l,s,n
f,w,a,s,n
f,w,n,f,k
f,n,n,s,k
f,w,n,s,w
f,w,n,f,n
f,n,n,s,n
f,n,n,s,k
y,e,s,s,w
s,e,s,s,w
y,c,n,s,w
y,y,f,k,h
s,w,c,s,k
s,n,y,s,w
f,g,n,s,n
s,b,f,s,h
s,w,l,s,n
f,g,f,k,h
y,n,n,s,k
y,n,n,s,k
s,b,n,s,w
y,y,f,k,h
s,g,c,s,n
y,g,f,k,h
s,n,f,s,w
y,g,n,s,n
f,n,n,k,w
s,n,n,s,b
s,w,n,s,n
y,e,f,s,w
f,g,n,s,k
y,e,y,s,w
f,y,f,k,h
y,p,n,s,w
f,g,f,k,h
f,w,n,s,n
s,e,f,s,w
f,w,n,f,n
f,y,f,k,h
f,e,n,s,k
y,g,n,s,n
y,w,a,s,k
y,g,n,s,n
f,w,n,s,w
y,n,f,k,w
y,g,f,k,h
s,w,f,s,h
f,n,n,s,k
y,n,y,s,w
y,w,p,s,n
y,g,n,s,k
y,b,n,s,r
s,n,s,s,w
y,e,n,s,k
f,e,n,s,n
y,e,n,s,w
y,n,n,s,n
y,e,y,k,w
s,n,n,f,n
y,e,y,k,w
f,p,c,s,k
y,y,f,k,h
s,n,n,s,b
f,g,n,s,k
s,y,l,s,k
s,n,n,s,y
y,g,n,s,k
y,w,l,s,k
y,w,a,s,k
y,w,l,s,k
s,w,l,s,n
s,n,n,s,y
y,g,f,k,h
f,n,n,s,k
y,n,n,s,k
s,g,n,f,n
s,g,n,s,n
s,p,c,s,n
f,n,n,f,w
f,n,n,s,k
s,e,y,k,w
y,y,l,s,n
s,g,f,f,h
f,y,f,k,h
y,g,n,s,k
s,n,n,s,k
f,g,f,k,h
s,w,a,s,k
f,n,n,s,k
f,n,n,s,n
s,n,n,f,n
f,g,f,k,h
f,y,l,s,u
y,n,y,k,w
s,g,n,k,w
s,n,s,k,w
y,n,s,s,w
s,w,n,f,n
s,g,n,k,w
f,g,n,s,n
y,n,f,s,w
s,w,n,f,n
y,g,n,s,k
y,y,f,k,h
s,g,n,f,n
s,y,a,s,n
s,g,c,s,n
f,y,f,k,h
s,b,f,f,h
y,g,f,k,h
y,w,n,s,h
f,n,n,s,k
y,g,n,s,n
y,n,n,s,n
y,n,n,s,k
f,c,n,f,w
f,g,f,k,h
f,e,n,s,k
s,n,p,s,n
f,g,n,k,w
y,n,s,s,w
s,w,p,s,k
s,w,n,k,w
s,e,y,s,w
f,y,f,k,h
f,e,n,s,n
s,w,f,s,h
f,e,n,s,n
s,n,n,s,w
f,y,f,k,h
f,y,f,k,h
f,g,f,k,h
y,g,n,s,n
y,y,f,k,h
y,w,p,s,k
s,n,n,f,n
f,g,n,s,k
s,n,s,k,w
f,y,f,k,h
f,g,n,s,w
s,g,n,f,n
f,y,f,k,h
s,y,l,s,k
f,e,n,s,k
s,y,l,s,n
s,w,n,s,w
y,y,l,s,k
y,w,a,s,n
f,y,f,k,h
f,n,n,f,k
f,e,n,s,n
f,n,n,s,n
s,g,f,f,h
y,w,n,s,h
y,e,f,s,w
f,n,n,s,n
s,w,f,f,h
f,g,n,s,w
s,w,n,s,n
s,g,f,s,h
f,g,n,s,k
f,y,f,k,h
s,w,f,f,h
s,g,n,f,n
y,y,n,y,w
f,y,f,k,h
f,n,n,s,n
y,g,f,k,h
y,n,s,s,w
y,n,n,s,k
f,n,n,s,n
f,e,n,s,n
y,n,n,k,w
f,y,f,k,h
f,w,n,f,n
y,g,f,k,h
s,g,f,f,h
s,n,s,s,w
y,g,n,s,n
y,n,s,s,w
y,n,s,s,w
s,p,c,s,n
y,e,n,s,k
s,n,s,k,w
f,e,n,s,k
s,n,n,s,n
s,g,n,s,k
y,n,y,k,w
y,e,f,s,w
s,e,s,s,w
f,e,n,s,n
y,e,s,s,w
y,p,n,s,w
y,e,n,s,n
y,n,n,s,w
s,w,n,s,k
s,n,s,s,w
y,e,n,s,n
y,e,n,s,n
s,n,y,s,w
y,n,a,s,k
s,g,f,s,h
f,n,n,s,n
f,y,f,k,h
s,n,n,s,y
s,n,y,k,w
y,y,a,s,n
s,n,n,s,y
y,g,f,k,h
f,e,n,s,n
s,g,n,f,n
s,e,s,k,w
s,w,n,k,w
s,n,n,s,b
y,g,n,s,n
y,w,l,s,k
y,e,n,s,n
s,y,a,s,n
s,w,n,f,n
y,n,l,s,n
f,g,n,s,w
y,y,f,k,h
s,n,s,s,w
s,e,f,k,w
y,n,f,s,w
y,n,y,k,w
s,e,y,s,w
y,w,n,s,r
y,g,f,k,h
f,g,n,s,k
y,y,a,s,k
s,e,s,k,w
y,e,f,k,w
f,g,f,k,h
y,g,n,s,n
f,e,n,s,k
y,w,l,s,k
f,w,c,s,n
s,n,n,s,w
y,g,f,k,h
f,n,n,s,n
y,y,f,k,h
s,n,n,s,k
s,g,n,s,k
s,w,f,s,h
s,w,f,f,h
s,n,n,s,n
s,n,n,s,n
f,y,f,k,h
s,n,y,s,w
y,p,n,s,r
f,y,f,k,h
f,g,n,k,w
s,g,n,s,n
y,n,y,s,w
s,w,n,k,w
s,n,f,k,w
s,e,s,s,w
f,g,n,s,n
s,e,f,k,w
f,g,n,s,n
f,n,n,s,n
f,g,n,s,k
s,w,n,s,n
s,w,p,s,k
f,n,n,s,k
f,e,n,s,n
y,w,a,s,k
s,g,n,s,n
f,y,a,s,u
f,g,n,s,n
f,g,f,k,h
y,n,n,s,k
s,n,n,f,n
s,w,f,f,h
y,e,n,s,w
y,y,f,k,h
s,w,n,s,k
y,n,l,s,n
y,w,l,s,n
y,e,n,s,w
y,y,l,s,k
s,n,n,f,k
f,g,n,s,k
y,c,m,k,w
y,y,f,k,h
s,g,f,f,h
y,g,n,s,k
y,n,n,s,n
s,e,s,s,w
y,n,s,k,w
f,g,f,k,h
s,p,n,s,w
y,y,f,k,h
s,n,s,s,w
s,b,f,s,h
f,y,f,k,h
s,e,f,s,w
s,e,s,k,w
s,n,f,k,w
f,y,f,k,h
y,y,f,k,h
y,n,n,s,k
f,w,n,f,n
f,e,n,s,n
f,e,n,s,k
s,w,f,s,h
y,n,n,s,n
f,p,c,s,n
y,e,s,k,w
y,n,n,s,n
f,g,n,s,n
y,n,n,s,k
f,y,f,k,h
f,e,n,s,k
f,w,n,s,w
f,g,c,s,k
f,g,n,s,k
y,g,n,s,n
s,w,p,s,k
s,n,n,s,n
s,w,l,s,n
s,g,n,s,k
s,w,a,s,n
f,g,n,s,n
f,n,n,s,k
y,e,f,k,w
s,e,y,s,w
f,n,n,s,n
s,w,l,s,k
y,n,n,s,n
s,w,n,f,k
y,y,f,k,h
y,g,f,k,h
y,e,n,s,w
s,n,n,s,w
s,n,y,k,w
s,w,a,s,n
s,w,l,s,n
f,y,f,k,h
s,n,n,s,o
s,e,f,s,w
y,n,n,s,w
y,y,f,k,h
f,n,n,s,k
f,g,n,s,k
s,e,y,k,w
y,n,n,s,n
s,n,n,s,k
y,n,n,s,n
y,n,a,s,n
f,w,n,f,k
y,y,f,k,h
f,y,f,k,h
f,n,n,s,k
s,y,a,s,n
y,n,f,s,w
y,y,f,k,h
f,g,n,s,k
y,g,n,s,n
s,w,n,f,n
s,n,y,s,w
s,y,a,s,n
y,n,y,k,w
s,p,c,s,k
y,y,l,s,k
f,n,n,s,n
f,g,f,k,h
y,e,n,s,n
y,n,y,k,w
s,e,y,s,w
f,e,n,s,k
s,n,y,s,w
s,g,n,s,k
s,b,f,s,h
f,y,f,k,h
y,y,l,s,n
y,y,f,k,h
s,w,l,s,k
s,w,p,s,n
y,n,f,k,w
f,g,f,k,h
f,g,n,s,w
s,n,y,k,w
s,e,f,s,w
s,n,n,y,w
f,e,n,s,n
y,g,n,s,n
f,e,n,s,n
y,y,l,s,n
f,g,n,k,w
y,w,a,s,k
f,e,n,s,n
y,g,f,k,h
s,p,n,s,r
s,g,f,f,h
f,g,n,s,n
y,y,f,k,h
y,e,n,s,n
s,w,n,k,w
y,y,f,k,h
f,p,c,s,n
y,n,n,s,n
s,w,n,s,n
f,g,f,k,h
f,w,n,s,w
y,e,y,s,w
y,e,n,s,k
y,y,a,s,n
f,g,n,s,k
f,g,c,s,n
s,g,f,s,h
f,p,c,s,k
f,g,n,s,k
y,e,s,k,w
y,g,f,k,h
y,e,s,k,w
y,n,n,s,w
y,n,s,s,w
y,y,f,k,h
y,g,n,s,k
y,e,f,k,w
f,n,n,s,n
s,n,p,s,k
y,e,n,s,k
y,n,n,s,n
y,b,n,s,w
f,e,n,s,k
s,n,y,k,w
f,w,n,k,w
y,g,f,k,h
y,n,n,s,k
s,n,f,s,w
f,n,n,s,n
s,e,y,k,w
y,g,f,k,h
y,y,f,k,h
y,y,l,s,n
y,y,f,k,h
f,e,n,s,n
f,n,n,s,n
f,y,f,k,h
s,g,n,s,w
y,e,n,s,n
f,g,n,s,n
y,e,f,s,w
y,g,n,s,n
s,n,f,k,w
y,n,y,s,w
f,g,n,s,n
s,w,f,f,h
y,g,n,s,n
y,r,n,s,h
y,e,n,s,k
f,n,n,f,n
f,n,n,s,n
s,e,f,k,w
s,n,s,k,w
s,n,n,s,k
y,n,f,k,w
s,g,n,s,k
f,g,f,k,h
y,g,f,k,h
y,y,f,k,h
f,w,n,k,w
y,e,s,s,w
f,n,n,s,k
s,n,f,k,w
s,e,f,s,w
f,p,c,s,n
s,b,f,s,h
s,y,a,s,n
y,g,f,k,h
y,y,a,s,k
f,g,n,s,k
y,e,f,s,w
f,g,n,s,n
s,w,n,s,k
s,n,n,f,n
f,g,n,k,w
f,e,n,s,n
f,w,n,s,n
s,e,s,k,w
y,y,f,k,h
y,y,f,k,h
f,e,n,s,n
s,w,c,s,n
f,y,l,s,n
y,e,f,k,w
y,w,l,s,k
y,n,n,s,n
s,g,n,s,n
y,y,a,s,k
f,n,n,s,n
y,y,f,k,h
y,g,n,s,n
s,g,n,s,w
f,g,f,k,h
y,y,a,s,n
y,n,n,f,w
s,w,n,s,n
s,g,f,f,h
y,y,f,k,h
f,n,n,s,n
y,e,s,k,w
y,n,s,s,w
y,e,n,s,n
s,n,s,s,w
f,w,n,k,w
y,n,a,s,n
s,e,y,s,w
f,e,n,s,n
y,e,s,s,w
s,n,n,s,n
s,g,n,s,k
y,n,n,k,w
s,n,y,k,w
s,e,n,s,w
y,n,s,k,w
y,g,f,k,h
y,g,n,s,n
s,n,y,s,w
f,w,n,s,n
y,e,f,k,w
f,n,n,s,n
y,w,l,s,n
f,g,n,s,w
s,n,n,s,k
f,n,n,s,k
y,e,s,s,w
f,g,n,s,n
f,n,n,s,n
y,n,n,s,n
s,e,s,k,w
y,y,l,s,k
f,y,f,k,h
y,e,n,s,n
y,n,n,s,k
f,g,c,s,k
y,r,n,s,h
y,e,s,s,w
f,g,n,s,n
s,n,y,s,w
y,y,f,k,h
s,y,l,s,n
y,y,f,k,h
y,g,n,s,k
s,n,y,k,w
s,b,f,s,h
f,e,n,s,k
f,n,n,s,k
y,n,n,s,n
s,n,p,s,k
y,n,m,k,w
s,p,c,s,n
f,y,f,k,h
y,g,f,k,h
s,n,f,k,w
s,n,s,s,w
f,g,n,s,k
f,n,n,s,k
f,y,f,k,h
y,n,f,k,w
s,n,s,k,w
y,g,f,k,h
s,w,n,s,k
s,g,n,s,k
y,y,l,s,k
s,e,y,k,w
y,g,f,k,h
y,n,y,s,w
s,p,c,s,n
f,y,f,k,h
f,g,f,k,h
f,y,f,k,h
f,g,f,k,h
f,e,n,s,n
y,e,y,s,w
y,n,n,s,k
f,n,n,f,k
y,n,f,s,w
f,g,n,s,n
y,y,l,s,k
s,e,f,k,w
y,g,f,k,h
f,e,n,s,n
y,y,f,k,h
f,c,n,s,w
s,n,y,s,w
s,w,n,k,w
s,n,f,k,w
s,e,s,k,w
y,g,f,k,h
s,n,y,k,w
f,y,f,k,h
f,g,n,s,n
f,w,n,k,w
f,n,n,s,k
s,p,n,s,w
s,b,f,f,h
s,n,n,s,o
s,b,n,s,w
s,g,f,s,h
y,y,f,k,h
s,g,n,s,w
y,e,n,s,k
f,n,n,s,k
y,y,l,s,n
y,e,n,s,n
y,n,y,s,w
y,e,y,s,w
f,g,n,s,n
s,y,l,s,k
f,e,n,s,n
s,n,p,s,k
f,y,f,k,h
y,e,n,s,n
f,w,l,s,u
s,w,n,s,k
y,g,n,s,k
f,g,n,k,w
y,n,f,s,w
y,g,n,s,k
s,w,p,s,k
y,y,a,s,n
y,g,n,s,n
f,g,f,k,h
y,e,n,s,n
y,e,y,s,w
s,n,n,f,k
s,w,f,s,h
f,n,n,s,k
y,w,n,s,r
f,y,f,k,h
s,n,y,s,w
s,g,n,k,w
y,n,l,s,k
f,e,n,s,n
y,y,f,k,h
y,g,n,s,n
s,n,n,f,k
s,w,n,s,k
s,w,l,s,k
s,n,s,k,w
s,y,l,s,n
f,y,f,k,h
f,w,n,f,k
y,g,f,k,h
s,g,c,s,n
y,g,f,k,h
f,y,f,k,h
y,n,f,s,w
y,g,f,k,h
s,g,f,s,h
s,e,f,s,w
y,e,n,s,w
s,p,n,s,r
s,n,s,k,w
y,y,f,k,h
f,c,n,f,w
y,w,a,s,k
y,g,f,k,h
s,n,n,s,n
s,w,l,s,n
s,e,y,k,w
f,n,n,s,k
y,w,p,s,n
y,n,n,s,k
f,w,c,s,n
y,g,f,k,h
s,e,y,s,w
s,g,n,s,n
y,w,a,s,k
s,p,c,s,k
y,g,f,k,h
f,n,n,s,k
s,w,n,f,k
y,e,n,s,w
f,y,f,k,h
f,g,n,s,k
s,e,y,s,w
f,y,f,k,h
s,g,n,k,w
y,n,n,s,k
y,e,n,s,k
s,e,f,s,w
s,p,c,s,n
f,g,n,s,n
y,e,n,s,n
s,n,n,s,y
y,y,l,s,k
s,w,a,s,n
y,g,f,k,h
s,p,c,s,k
y,g,f,k,h
f,e,n,s,k
y,e,s,s,w
f,e,n,s,n
s,e,f,k,w
s,n,y,k,w
y,y,l,s,k
y,n,n,s,k
s,w,f,f,h
f,g,n,s,n
s,e,y,s,w
y,n,p,s,k
f,g,c,s,k
y,n,n,s,k
y,y,f,k,h
f,g,n,s,n
f,y,f,k,h
f,y,f,k,h
y,n,f,s,w
s,y,a,s,n
s,w,n,f,k
f,e,n,s,n
f,g,n,s,k
f,g,n,s,k
y,y,f,k,h
y,g,f,k,h
s,e,y,k,w
s,e,s,k,w
y,n,n,s,n
y,n,f,k,w
y,w,l,s,n
y,n,f,k,w
f,g,f,k,h
y,e,y,k,w
f,g,f,k,h
f,n,n,s,n
y,y,f,k,h
y,n,n,s,n
y,n,n,s,n
f,w,n,f,k
y,n,n,s,k
s,e,f,s,w
y,w,a,s,k
f,p,c,s,k
y,n,f,s,w
s,n,n,s,n
f,w,c,s,k
y,w,n,s,r
y,n,n,s,n
s,n,y,s,w
f,w,c,s,k
f,y,f,k,h
s,e,f,s,w
y,n,y,s,w
y,n,f,s,w
s,w,l,s,k
f,n,n,f,k
s,b,f,f,h
y,y,l,s,n
s,e,y,s,w
y,g,n,s,k
y,g,f,k,h
y,e,n,s,k
y,y,f,k,h
y,y,a,s,k
y,g,n,s,n
f,g,n,f,n
y,w,p,s,n
s,n,n,s,b
s,n,f,k,w
y,g,n,s,k
y,g,n,s,n
y,p,n,s,w
f,y,f,k,h
y,e,y,s,w
s,n,y,k,w
y,e,s,k,w
y,e,n,s,n
s,w,a,s,k
s,e,s,k,w
y,g,f,k,h
s,e,f,s,w
s,e,s,s,w
s,n,y,s,w
f,n,n,s,n
f,y,a,s,u
y,e,n,s,n
f,g,n,s,n
y,r,n,s,h
f,y,f,k,h
y,e,n,s,n
f,e,n,s,n
s,n,y,s,w
s,w,l,s,n
y,y,f,k,h
f,g,n,s,n
y,y,a,s,k
y,n,n,s,k
y,y,f,k,h
s,w,l,s,u
f,e,n,s,k
y,g,n,s,k
y,e,y,s,w
f,w,n,f,k
y,e,f,s,w
y,n,n,s,w
s,e,y,k,w
y,n,p,s,n
s,n,n,s,w
s,g,f,f,h
f,e,n,s,k
s,n,s,k,w
f,n,n,f,n
f,y,f,k,h
y,n,y,s,w
y,g,f,k,h
f,y,f,k,h
f,n,n,s,k
f,c,n,s,w
y,n,l,s,k
y,n,a,s,n
y,e,n,s,k
s,g,f,f,h
s,p,n,s,w
f,e,n,s,n
y,p,n,s,r
s,w,n,s,k
f,g,n,s,k
y,n,f,k,w
f,w,n,f,n
s,g,n,s,k
s,p,c,s,k
f,y,f,k,h
y,n,a,s,k
y,y,f,k,h
y,e,y,k,w
s,g,c,s,k
f,y,l,s,u
f,w,c,s,k
y,y,a,s,k
s,e,y,s,w
f,n,n,s,w
y,y,a,s,n
y,y,f,k,h
s,n,f,k,w
s,n,n,f,n
y,n,n,s,k
s,n,n,s,w
f,g,n,s,n
f,n,n,s,k
y,n,f,s,w
s,w,c,s,k
s,g,f,s,h
y,n,s,k,w
f,e,n,s,n
s,g,f,f,h
y,n,p,s,n
y,e,y,k,w
y,n,p,s,n
y,n,y,k,w
s,w,f,s,h
y,y,f,k,h
f,n,n,s,k
f,y,f,k,h
f,g,n,s,n
s,y,l,s,u
s,e,f,k,w
y,g,n,s,k
y,n,n,s,k
y,g,f,k,h
y,g,n,s,w
s,n,n,f,k
s,n,f,s,w
y,y,f,k,h
f,e,n,s,k
s,p,n,s,w
s,y,l,s,k
y,e,s,s,w
y,e,n,s,k
f,n,n,s,n
y,e,s,k,w
f,e,n,s,k
s,n,s,s,w
y,e,n,s,n
y,e,f,s,w
s,n,n,s,k
y,y,f,k,h
s,w,n,s,n
f,n,n,s,n
y,y,f,k,h
f,g,n,f,n
y,n,n,s,n
s,e,y,s,w
y,n,n,s,n
f,n,n,s,n
y,y,f,k,h
y,y,l,s,k
s,w,p,s,n
s,n,s,s,w
y,n,n,f,w
f,w,n,s,k
f,g,n,s,n
f,n,n,s,n
